#
# A fatal error has been detected by the Java Runtime Environment:
#
#  SIGSEGV (0xb) at pc=0x00000001290cf1c8, pid=2248, tid=61991
#
# JRE version: OpenJDK Runtime Environment Homebrew (21.0.10) (build 21.0.10)
# Java VM: OpenJDK 64-Bit Server VM Homebrew (21.0.10, mixed mode, sharing, tiered, compressed oops, compressed class ptrs, g1 gc, bsd-aarch64)
# Problematic frame:
# C  [spark-89e0165823-libasyncProfiler.so.tmp+0x2b1c8]  ThreadFilter::accept(int)+0x10
#
# No core dump will be written. Core dumps have been disabled. To enable core dumping, try "ulimit -c unlimited" before starting Java again
#
# If you would like to submit a bug report, please visit:
#   https://github.com/Homebrew/homebrew-core/issues
#

---------------  S U M M A R Y ------------

Command Line: -Xms4G -Xmx6G server.jar nogui

Host: "Mac17,2" arm64, 10 cores, 24G, Darwin 25.3.0, macOS 26.3 (25D125)
Time: Fri Mar  6 14:29:45 2026 EST elapsed time: 465.359908 seconds (0d 0h 7m 45s)

---------------  T H R E A D  ---------------

Current thread is native thread

Stack: [0x000000016ecd8000,0x000000016ed5b000],  sp=0x000000016ed5af10,  free space=523k
Native frames: (J=compiled Java code, j=interpreted, Vv=VM code, C=native code)
C  [spark-89e0165823-libasyncProfiler.so.tmp+0x2b1c8]  ThreadFilter::accept(int)+0x10
C  [spark-89e0165823-libasyncProfiler.so.tmp+0x2ee78]  WallClock::threadEntry(void*)+0xc
C  [libsystem_pthread.dylib+0x6c08]  _pthread_start+0x88

siginfo: si_signo: 11 (SIGSEGV), si_code: 2 (SEGV_ACCERR), si_addr: 0xefbbbeeebef0ddb6

Registers:
 x0=0x0000000838148108  x1=0x00000000ffffffff  x2=0x0000000000000000  x3=0x000000016ed5aef0
 x4=0x00000e1c00000000  x5=0x0000f14b00000000  x6=0x0000000000000000  x7=0x0000000000000000
 x8=0xefbbbeeebeefddba  x9=0x0000000000003fff x10=0x0000000000000066 x11=0x00000000000dffa5
x12=0x020e000107c6f0e8 x13=0x000e000000000000 x14=0x0000000000000000 x15=0x0000000840f64000
x16=0x0000000000000148 x17=0x000000020478cd78 x18=0x0000000000000000 x19=0x0000000000000001
x20=0x0000000000000001 x21=0x000000000000f227 x22=0x000000083a0040e0 x23=0x000000016ed5af40
x24=0x0000000838148108 x25=0x0000000000000001 x26=0x00000000ffffffff x27=0x0000000840f64000
x28=0x0000000000000001  fp=0x000000016ed5afb0  lr=0x00000001290d3004  sp=0x000000016ed5af10
pc=0x00000001290cf1c8 cpsr=0x00000000a0000000

Top of Stack: (sp=0x000000016ed5af10)
0x000000016ed5af10:   00000001290e8c00 0000000838148000
0x000000016ed5af20:   0000000838148108 000000f43530238c
0x000000016ed5af30:   0000000100000000 0000000840f64000
0x000000016ed5af40:   0000000840f64000 0000000000000001
0x000000016ed5af50:   000000f3b6e1f7b2 0000000400000002
0x000000016ed5af60:   0000000000000000 0000000000000000
0x000000016ed5af70:   0000000000000000 0000000000000000
0x000000016ed5af80:   0000000000000000 0000000000000000
0x000000016ed5af90:   0000000000000000 0000000000000000
0x000000016ed5afa0:   0000000000000000 000000016ed5b000
0x000000016ed5afb0:   000000016ed5afc0 00000001290d2e78
0x000000016ed5afc0:   000000016ed5afe0 0000000196f53c08
0x000000016ed5afd0:   0000000000000000 0000000000000000
0x000000016ed5afe0:   0000000000000000 0000000196f4eba8
0x000000016ed5aff0:   0000000000000000 0000000000000000
0x000000016ed5b000:   1c956243b76bc362 0000000000000000
0x000000016ed5b010:   00000001701d3000 0000000175e2f010
0x000000016ed5b020:   0000000000000000 0000000000000000
0x000000016ed5b030:   0000000000000101 0000000a0000001f
0x000000016ed5b040:   0000000000000000 0001000c00000000
0x000000016ed5b050:   0000000000000000 0000000000000000
0x000000016ed5b060:   0000000000000000 0000000000000000
0x000000016ed5b070:   0000000000000000 0000000000000000
0x000000016ed5b080:   0000000000000000 0000000000000000
0x000000016ed5b090:   00000001290d2e6c 00000001290e8c00
0x000000016ed5b0a0:   0003000000000000 0000000200000000
0x000000016ed5b0b0:   000000016ed5b000 000000016ecd8000
0x000000016ed5b0c0:   000000016ecd4000 000000000008c000
0x000000016ed5b0d0:   0000000000004000 000000000000b179
0x000000016ed5b0e0:   000000016ed5b000 000000016ed5b0ac
0x000000016ed5b0f0:   000000000000f14b 000000000000f227
0x000000016ed5b100:   00000000000008ff 0000000000000000 

Instructions: (pc=0x00000001290cf1c8)
0x00000001290cf0c8:   00 58 76 f8 60 01 00 b5 20 00 a0 52 5c cf ff 97
0x00000001290cf0d8:   15 00 80 d2 68 0e 16 8b 00 fd f5 c8 bf 02 00 f1
0x00000001290cf0e8:   80 00 00 54 21 00 a0 52 62 cf ff 97 e0 03 15 aa
0x00000001290cf0f8:   28 00 80 52 09 21 d4 1a 8a 4a 05 53 0a 48 2a 8b
0x00000001290cf108:   4a 31 e9 b8 5f 01 09 6a a0 00 00 54 fd 7b 42 a9
0x00000001290cf118:   f4 4f 41 a9 f6 57 c3 a8 c0 03 5f d6 89 00 90 52
0x00000001290cf128:   69 02 09 8b 28 01 e8 b8 fd 7b 42 a9 f4 4f 41 a9
0x00000001290cf138:   f6 57 c3 a8 c0 03 5f d6 f4 4f be a9 fd 7b 01 a9
0x00000001290cf148:   fd 43 00 91 f3 03 00 aa 14 00 80 d2 04 00 00 14
0x00000001290cf158:   94 22 00 91 9f 22 40 f1 c0 00 00 54 60 6a 74 f8
0x00000001290cf168:   80 ff ff b4 21 00 a0 52 09 13 00 94 f9 ff ff 17
0x00000001290cf178:   88 00 90 52 7f 6a 28 b8 fd 7b 41 a9 f4 4f c2 a8
0x00000001290cf188:   c0 03 5f d6 09 00 80 d2 08 00 80 d2 0a 68 69 f8
0x00000001290cf198:   0b 41 40 91 5f 01 00 f1 08 01 8b 9a 29 21 00 91
0x00000001290cf1a8:   3f 21 40 f1 41 ff ff 54 e0 03 08 aa c0 03 5f d6
0x00000001290cf1b8:   28 7c 13 53 08 58 68 f8 c8 00 00 b4 29 48 05 53
0x00000001290cf1c8:   08 59 69 b8 08 25 c1 1a 00 01 00 12 c0 03 5f d6
0x00000001290cf1d8:   00 00 80 52 c0 03 5f d6 28 7c 13 53 08 58 68 f8
0x00000001290cf1e8:   88 01 00 b4 29 00 80 52 29 21 c1 1a 2a 48 05 53
0x00000001290cf1f8:   08 49 2a 8b 08 11 e9 b8 1f 01 09 6a a0 00 00 54
0x00000001290cf208:   88 00 90 52 08 00 08 8b 09 00 80 12 08 01 e9 b8
0x00000001290cf218:   c0 03 5f d6 ff 43 02 d1 fc 6f 03 a9 fa 67 04 a9
0x00000001290cf228:   f8 5f 05 a9 f6 57 06 a9 f4 4f 07 a9 fd 7b 08 a9
0x00000001290cf238:   fd 03 02 91 f3 03 01 aa e0 07 00 f9 09 00 80 d2
0x00000001290cf248:   05 00 00 14 e9 0b 40 f9 29 05 00 91 3f 05 40 f1
0x00000001290cf258:   60 0d 00 54 e8 07 40 f9 e9 0b 00 f9 08 79 69 f8
0x00000001290cf268:   e8 13 00 f9 08 ff ff b4 09 00 80 d2 e8 0b 40 f9
0x00000001290cf278:   08 b1 6d d3 e8 0f 00 f9 05 00 00 14 e9 17 40 f9
0x00000001290cf288:   29 05 00 91 3f 11 40 f1 e0 fd ff 54 e8 13 40 f9
0x00000001290cf298:   e9 17 00 f9 1c 79 69 b8 3c ff ff 34 14 00 80 52
0x00000001290cf2a8:   e8 17 40 f9 e9 0f 40 f9 36 15 08 0b 06 00 00 14
0x00000001290cf2b8:   38 47 00 b8 79 06 00 f9 94 06 00 11 9f 82 00 71 



---------------  P R O C E S S  ---------------

VM state: not at safepoint (normal execution)

VM Mutex/Monitor currently owned by a thread: None

Heap address: 0x0000000300800000, size: 6144 MB, Compressed Oops mode: Zero based, Oop shift amount: 3

CDS archive(s) mapped at: [0x0000007000000000-0x0000007000c94000-0x0000007000c94000), size 13189120, SharedBaseAddress: 0x0000007000000000, ArchiveRelocationMode: 1.
Compressed class space mapped at: 0x0000007001000000-0x0000007041000000, reserved size: 1073741824
Narrow klass base: 0x0000007000000000, Narrow klass shift: 0, Narrow klass range: 0x100000000

GC Precious Log:
<Skipped>

Heap:
 garbage-first heap   total 4194304K, used 1535629K [0x0000000300800000, 0x0000000480800000)
  region size 4096K, 281 young (1150976K), 25 survivors (102400K)
 Metaspace       used 223657K, committed 225728K, reserved 1245184K
  class space    used 34420K, committed 35328K, reserved 1048576K

Heap Regions: E=young(eden), S=young(survivor), O=old, HS=humongous(starts), HC=humongous(continues), CS=collection set, F=free, TAMS=top-at-mark-start, PB=parsable bottom
|   0|0x0000000300800000, 0x0000000300c00000, 0x0000000300c00000|100%| O|  |TAMS 0x0000000300800000| PB 0x0000000300800000| Untracked 
|   1|0x0000000300c00000, 0x0000000301000000, 0x0000000301000000|100%| O|  |TAMS 0x0000000300c00000| PB 0x0000000300c00000| Untracked 
|   2|0x0000000301000000, 0x0000000301400000, 0x0000000301400000|100%| O|  |TAMS 0x0000000301000000| PB 0x0000000301000000| Untracked 
|   3|0x0000000301400000, 0x0000000301800000, 0x0000000301800000|100%| O|  |TAMS 0x0000000301400000| PB 0x0000000301400000| Untracked 
|   4|0x0000000301800000, 0x0000000301800000, 0x0000000301c00000|  0%| F|  |TAMS 0x0000000301800000| PB 0x0000000301800000| Untracked 
|   5|0x0000000301c00000, 0x0000000302000000, 0x0000000302000000|100%| O|  |TAMS 0x0000000301c00000| PB 0x0000000301c00000| Untracked 
|   6|0x0000000302000000, 0x0000000302400000, 0x0000000302400000|100%| O|  |TAMS 0x0000000302000000| PB 0x0000000302000000| Untracked 
|   7|0x0000000302400000, 0x0000000302800000, 0x0000000302800000|100%| O|Cm|TAMS 0x0000000302400000| PB 0x0000000302400000| Complete 
|   8|0x0000000302800000, 0x0000000302c00000, 0x0000000302c00000|100%| O|Cm|TAMS 0x0000000302800000| PB 0x0000000302800000| Complete 
|   9|0x0000000302c00000, 0x0000000302c00000, 0x0000000303000000|  0%| F|  |TAMS 0x0000000302c00000| PB 0x0000000302c00000| Untracked 
|  10|0x0000000303000000, 0x0000000303000000, 0x0000000303400000|  0%| F|  |TAMS 0x0000000303000000| PB 0x0000000303000000| Untracked 
|  11|0x0000000303400000, 0x0000000303400000, 0x0000000303800000|  0%| F|  |TAMS 0x0000000303400000| PB 0x0000000303400000| Untracked 
|  12|0x0000000303800000, 0x0000000303800000, 0x0000000303c00000|  0%| F|  |TAMS 0x0000000303800000| PB 0x0000000303800000| Untracked 
|  13|0x0000000303c00000, 0x0000000303c00000, 0x0000000304000000|  0%| F|  |TAMS 0x0000000303c00000| PB 0x0000000303c00000| Untracked 
|  14|0x0000000304000000, 0x0000000304400000, 0x0000000304400000|100%| O|  |TAMS 0x0000000304000000| PB 0x0000000304000000| Untracked 
|  15|0x0000000304400000, 0x0000000304800000, 0x0000000304800000|100%| O|  |TAMS 0x0000000304400000| PB 0x0000000304400000| Untracked 
|  16|0x0000000304800000, 0x0000000304c00000, 0x0000000304c00000|100%| O|  |TAMS 0x0000000304800000| PB 0x0000000304800000| Untracked 
|  17|0x0000000304c00000, 0x0000000305000000, 0x0000000305000000|100%| O|  |TAMS 0x0000000304c00000| PB 0x0000000304c00000| Untracked 
|  18|0x0000000305000000, 0x0000000305400000, 0x0000000305400000|100%| O|  |TAMS 0x0000000305000000| PB 0x0000000305000000| Untracked 
|  19|0x0000000305400000, 0x0000000305800000, 0x0000000305800000|100%| O|  |TAMS 0x0000000305400000| PB 0x0000000305400000| Untracked 
|  20|0x0000000305800000, 0x0000000305c00000, 0x0000000305c00000|100%| O|  |TAMS 0x0000000305800000| PB 0x0000000305800000| Untracked 
|  21|0x0000000305c00000, 0x0000000306000000, 0x0000000306000000|100%| O|  |TAMS 0x0000000305c00000| PB 0x0000000305c00000| Untracked 
|  22|0x0000000306000000, 0x0000000306400000, 0x0000000306400000|100%| O|  |TAMS 0x0000000306000000| PB 0x0000000306000000| Untracked 
|  23|0x0000000306400000, 0x0000000306800000, 0x0000000306800000|100%| O|  |TAMS 0x0000000306400000| PB 0x0000000306400000| Untracked 
|  24|0x0000000306800000, 0x0000000306c00000, 0x0000000306c00000|100%| O|  |TAMS 0x0000000306800000| PB 0x0000000306800000| Untracked 
|  25|0x0000000306c00000, 0x0000000307000000, 0x0000000307000000|100%| O|  |TAMS 0x0000000306c00000| PB 0x0000000306c00000| Untracked 
|  26|0x0000000307000000, 0x0000000307400000, 0x0000000307400000|100%| O|  |TAMS 0x0000000307000000| PB 0x0000000307000000| Untracked 
|  27|0x0000000307400000, 0x0000000307800000, 0x0000000307800000|100%| O|  |TAMS 0x0000000307400000| PB 0x0000000307400000| Untracked 
|  28|0x0000000307800000, 0x0000000307c00000, 0x0000000307c00000|100%| O|  |TAMS 0x0000000307800000| PB 0x0000000307800000| Untracked 
|  29|0x0000000307c00000, 0x0000000308000000, 0x0000000308000000|100%| O|  |TAMS 0x0000000307c00000| PB 0x0000000307c00000| Untracked 
|  30|0x0000000308000000, 0x0000000308400000, 0x0000000308400000|100%| O|  |TAMS 0x0000000308000000| PB 0x0000000308000000| Untracked 
|  31|0x0000000308400000, 0x0000000308800000, 0x0000000308800000|100%| O|  |TAMS 0x0000000308400000| PB 0x0000000308400000| Untracked 
|  32|0x0000000308800000, 0x0000000308c00000, 0x0000000308c00000|100%| O|  |TAMS 0x0000000308800000| PB 0x0000000308800000| Untracked 
|  33|0x0000000308c00000, 0x0000000309000000, 0x0000000309000000|100%| O|  |TAMS 0x0000000308c00000| PB 0x0000000308c00000| Untracked 
|  34|0x0000000309000000, 0x0000000309400000, 0x0000000309400000|100%| O|  |TAMS 0x0000000309000000| PB 0x0000000309000000| Untracked 
|  35|0x0000000309400000, 0x0000000309800000, 0x0000000309800000|100%| O|  |TAMS 0x0000000309400000| PB 0x0000000309400000| Untracked 
|  36|0x0000000309800000, 0x0000000309c00000, 0x0000000309c00000|100%| O|  |TAMS 0x0000000309800000| PB 0x0000000309800000| Untracked 
|  37|0x0000000309c00000, 0x000000030a000000, 0x000000030a000000|100%| O|  |TAMS 0x0000000309c00000| PB 0x0000000309c00000| Untracked 
|  38|0x000000030a000000, 0x000000030a400000, 0x000000030a400000|100%| O|  |TAMS 0x000000030a000000| PB 0x000000030a000000| Untracked 
|  39|0x000000030a400000, 0x000000030a800000, 0x000000030a800000|100%| O|  |TAMS 0x000000030a400000| PB 0x000000030a400000| Untracked 
|  40|0x000000030a800000, 0x000000030ac00000, 0x000000030ac00000|100%| O|  |TAMS 0x000000030a800000| PB 0x000000030a800000| Untracked 
|  41|0x000000030ac00000, 0x000000030b000000, 0x000000030b000000|100%| O|  |TAMS 0x000000030ac00000| PB 0x000000030ac00000| Untracked 
|  42|0x000000030b000000, 0x000000030b400000, 0x000000030b400000|100%| O|  |TAMS 0x000000030b000000| PB 0x000000030b000000| Untracked 
|  43|0x000000030b400000, 0x000000030b800000, 0x000000030b800000|100%| O|  |TAMS 0x000000030b400000| PB 0x000000030b400000| Untracked 
|  44|0x000000030b800000, 0x000000030bc00000, 0x000000030bc00000|100%| O|  |TAMS 0x000000030b800000| PB 0x000000030b800000| Untracked 
|  45|0x000000030bc00000, 0x000000030c000000, 0x000000030c000000|100%| O|  |TAMS 0x000000030bc00000| PB 0x000000030bc00000| Untracked 
|  46|0x000000030c000000, 0x000000030c400000, 0x000000030c400000|100%| O|  |TAMS 0x000000030c000000| PB 0x000000030c000000| Untracked 
|  47|0x000000030c400000, 0x000000030c800000, 0x000000030c800000|100%| O|  |TAMS 0x000000030c400000| PB 0x000000030c400000| Untracked 
|  48|0x000000030c800000, 0x000000030cc00000, 0x000000030cc00000|100%| O|  |TAMS 0x000000030c800000| PB 0x000000030c800000| Untracked 
|  49|0x000000030cc00000, 0x000000030d000000, 0x000000030d000000|100%| O|  |TAMS 0x000000030cc00000| PB 0x000000030cc00000| Untracked 
|  50|0x000000030d000000, 0x000000030d400000, 0x000000030d400000|100%| O|  |TAMS 0x000000030d000000| PB 0x000000030d000000| Untracked 
|  51|0x000000030d400000, 0x000000030d800000, 0x000000030d800000|100%| O|  |TAMS 0x000000030d400000| PB 0x000000030d400000| Untracked 
|  52|0x000000030d800000, 0x000000030dc00000, 0x000000030dc00000|100%| O|  |TAMS 0x000000030d800000| PB 0x000000030d800000| Untracked 
|  53|0x000000030dc00000, 0x000000030e000000, 0x000000030e000000|100%| O|  |TAMS 0x000000030dc00000| PB 0x000000030dc00000| Untracked 
|  54|0x000000030e000000, 0x000000030e400000, 0x000000030e400000|100%| O|  |TAMS 0x000000030e000000| PB 0x000000030e000000| Untracked 
|  55|0x000000030e400000, 0x000000030e800000, 0x000000030e800000|100%| O|  |TAMS 0x000000030e400000| PB 0x000000030e400000| Untracked 
|  56|0x000000030e800000, 0x000000030ec00000, 0x000000030ec00000|100%| O|  |TAMS 0x000000030e800000| PB 0x000000030e800000| Untracked 
|  57|0x000000030ec00000, 0x000000030f000000, 0x000000030f000000|100%| O|  |TAMS 0x000000030ec00000| PB 0x000000030ec00000| Untracked 
|  58|0x000000030f000000, 0x000000030f400000, 0x000000030f400000|100%| O|  |TAMS 0x000000030f000000| PB 0x000000030f000000| Untracked 
|  59|0x000000030f400000, 0x000000030f800000, 0x000000030f800000|100%| O|  |TAMS 0x000000030f400000| PB 0x000000030f400000| Untracked 
|  60|0x000000030f800000, 0x000000030fc00000, 0x000000030fc00000|100%| O|  |TAMS 0x000000030f800000| PB 0x000000030f800000| Untracked 
|  61|0x000000030fc00000, 0x0000000310000000, 0x0000000310000000|100%| O|  |TAMS 0x000000030fc00000| PB 0x000000030fc00000| Untracked 
|  62|0x0000000310000000, 0x0000000310400000, 0x0000000310400000|100%| O|  |TAMS 0x0000000310000000| PB 0x0000000310000000| Untracked 
|  63|0x0000000310400000, 0x0000000310800000, 0x0000000310800000|100%|HS|  |TAMS 0x0000000310400000| PB 0x0000000310400000| Complete 
|  64|0x0000000310800000, 0x0000000310c00000, 0x0000000310c00000|100%|HC|  |TAMS 0x0000000310800000| PB 0x0000000310800000| Complete 
|  65|0x0000000310c00000, 0x0000000311000000, 0x0000000311000000|100%|HS|  |TAMS 0x0000000310c00000| PB 0x0000000310c00000| Complete 
|  66|0x0000000311000000, 0x0000000311400000, 0x0000000311400000|100%|HC|  |TAMS 0x0000000311000000| PB 0x0000000311000000| Complete 
|  67|0x0000000311400000, 0x0000000311400000, 0x0000000311800000|  0%| F|  |TAMS 0x0000000311400000| PB 0x0000000311400000| Untracked 
|  68|0x0000000311800000, 0x0000000311800000, 0x0000000311c00000|  0%| F|  |TAMS 0x0000000311800000| PB 0x0000000311800000| Untracked 
|  69|0x0000000311c00000, 0x0000000312000000, 0x0000000312000000|100%| O|  |TAMS 0x0000000311c00000| PB 0x0000000311c00000| Untracked 
|  70|0x0000000312000000, 0x0000000312400000, 0x0000000312400000|100%| O|  |TAMS 0x0000000312000000| PB 0x0000000312000000| Untracked 
|  71|0x0000000312400000, 0x0000000312800000, 0x0000000312800000|100%| O|  |TAMS 0x0000000312400000| PB 0x0000000312400000| Untracked 
|  72|0x0000000312800000, 0x0000000312c00000, 0x0000000312c00000|100%| O|  |TAMS 0x0000000312800000| PB 0x0000000312800000| Untracked 
|  73|0x0000000312c00000, 0x0000000313000000, 0x0000000313000000|100%| O|  |TAMS 0x0000000312c00000| PB 0x0000000312c00000| Untracked 
|  74|0x0000000313000000, 0x0000000313400000, 0x0000000313400000|100%| O|  |TAMS 0x0000000313000000| PB 0x0000000313000000| Untracked 
|  75|0x0000000313400000, 0x0000000313800000, 0x0000000313800000|100%| O|  |TAMS 0x0000000313400000| PB 0x0000000313400000| Untracked 
|  76|0x0000000313800000, 0x0000000313c00000, 0x0000000313c00000|100%| O|  |TAMS 0x0000000313800000| PB 0x0000000313800000| Untracked 
|  77|0x0000000313c00000, 0x0000000314000000, 0x0000000314000000|100%| O|  |TAMS 0x0000000313c00000| PB 0x0000000313c00000| Untracked 
|  78|0x0000000314000000, 0x0000000314400000, 0x0000000314400000|100%| O|  |TAMS 0x0000000314000000| PB 0x0000000314000000| Untracked 
|  79|0x0000000314400000, 0x0000000314800000, 0x0000000314800000|100%| O|  |TAMS 0x0000000314400000| PB 0x0000000314400000| Untracked 
|  80|0x0000000314800000, 0x0000000314c00000, 0x0000000314c00000|100%| O|  |TAMS 0x0000000314800000| PB 0x0000000314800000| Untracked 
|  81|0x0000000314c00000, 0x0000000315000000, 0x0000000315000000|100%| O|  |TAMS 0x0000000314c00000| PB 0x0000000314c00000| Untracked 
|  82|0x0000000315000000, 0x0000000315400000, 0x0000000315400000|100%| O|  |TAMS 0x0000000315000000| PB 0x0000000315000000| Untracked 
|  83|0x0000000315400000, 0x0000000315800000, 0x0000000315800000|100%| O|  |TAMS 0x0000000315400000| PB 0x0000000315400000| Untracked 
|  84|0x0000000315800000, 0x0000000315c00000, 0x0000000315c00000|100%| O|  |TAMS 0x0000000315800000| PB 0x0000000315800000| Untracked 
|  85|0x0000000315c00000, 0x0000000316000000, 0x0000000316000000|100%| O|  |TAMS 0x0000000315c00000| PB 0x0000000315c00000| Untracked 
|  86|0x0000000316000000, 0x0000000316400000, 0x0000000316400000|100%| O|  |TAMS 0x0000000316000000| PB 0x0000000316000000| Untracked 
|  87|0x0000000316400000, 0x0000000316800000, 0x0000000316800000|100%| O|  |TAMS 0x0000000316400000| PB 0x0000000316400000| Untracked 
|  88|0x0000000316800000, 0x0000000316c00000, 0x0000000316c00000|100%| O|  |TAMS 0x0000000316800000| PB 0x0000000316800000| Untracked 
|  89|0x0000000316c00000, 0x0000000317000000, 0x0000000317000000|100%| O|  |TAMS 0x0000000316c00000| PB 0x0000000316c00000| Untracked 
|  90|0x0000000317000000, 0x0000000317400000, 0x0000000317400000|100%| O|  |TAMS 0x0000000317000000| PB 0x0000000317000000| Untracked 
|  91|0x0000000317400000, 0x0000000317800000, 0x0000000317800000|100%| O|  |TAMS 0x0000000317400000| PB 0x0000000317400000| Untracked 
|  92|0x0000000317800000, 0x0000000317c00000, 0x0000000317c00000|100%| O|  |TAMS 0x0000000317800000| PB 0x0000000317800000| Untracked 
|  93|0x0000000317c00000, 0x0000000318000000, 0x0000000318000000|100%| O|  |TAMS 0x0000000317c00000| PB 0x0000000317c00000| Untracked 
|  94|0x0000000318000000, 0x0000000318400000, 0x0000000318400000|100%| O|  |TAMS 0x0000000318000000| PB 0x0000000318000000| Untracked 
|  95|0x0000000318400000, 0x0000000318800000, 0x0000000318800000|100%| O|  |TAMS 0x0000000318400000| PB 0x0000000318400000| Untracked 
|  96|0x0000000318800000, 0x0000000318c00000, 0x0000000318c00000|100%| O|  |TAMS 0x0000000318800000| PB 0x0000000318800000| Untracked 
|  97|0x0000000318c00000, 0x0000000319000000, 0x0000000319000000|100%| O|  |TAMS 0x0000000318c00000| PB 0x0000000318c00000| Untracked 
|  98|0x0000000319000000, 0x0000000319400000, 0x0000000319400000|100%| O|  |TAMS 0x0000000319000000| PB 0x0000000319000000| Untracked 
|  99|0x0000000319400000, 0x0000000319800000, 0x0000000319800000|100%| O|  |TAMS 0x0000000319400000| PB 0x0000000319400000| Untracked 
| 100|0x0000000319800000, 0x0000000319c00000, 0x0000000319c00000|100%| O|  |TAMS 0x0000000319800000| PB 0x0000000319800000| Untracked 
| 101|0x0000000319c00000, 0x000000031a000000, 0x000000031a000000|100%| O|  |TAMS 0x0000000319c00000| PB 0x0000000319c00000| Untracked 
| 102|0x000000031a000000, 0x000000031a400000, 0x000000031a400000|100%| O|Cm|TAMS 0x000000031a000000| PB 0x000000031a000000| Complete 
| 103|0x000000031a400000, 0x000000031a5d1ee8, 0x000000031a800000| 45%| O|  |TAMS 0x000000031a400000| PB 0x000000031a400000| Untracked 
| 104|0x000000031a800000, 0x000000031a800000, 0x000000031ac00000|  0%| F|  |TAMS 0x000000031a800000| PB 0x000000031a800000| Untracked 
| 105|0x000000031ac00000, 0x000000031ac00000, 0x000000031b000000|  0%| F|  |TAMS 0x000000031ac00000| PB 0x000000031ac00000| Untracked 
| 106|0x000000031b000000, 0x000000031b000000, 0x000000031b400000|  0%| F|  |TAMS 0x000000031b000000| PB 0x000000031b000000| Untracked 
| 107|0x000000031b400000, 0x000000031b400000, 0x000000031b800000|  0%| F|  |TAMS 0x000000031b400000| PB 0x000000031b400000| Untracked 
| 108|0x000000031b800000, 0x000000031b800000, 0x000000031bc00000|  0%| F|  |TAMS 0x000000031b800000| PB 0x000000031b800000| Untracked 
| 109|0x000000031bc00000, 0x000000031bc00000, 0x000000031c000000|  0%| F|  |TAMS 0x000000031bc00000| PB 0x000000031bc00000| Untracked 
| 110|0x000000031c000000, 0x000000031c000000, 0x000000031c400000|  0%| F|  |TAMS 0x000000031c000000| PB 0x000000031c000000| Untracked 
| 111|0x000000031c400000, 0x000000031c400000, 0x000000031c800000|  0%| F|  |TAMS 0x000000031c400000| PB 0x000000031c400000| Untracked 
| 112|0x000000031c800000, 0x000000031c800000, 0x000000031cc00000|  0%| F|  |TAMS 0x000000031c800000| PB 0x000000031c800000| Untracked 
| 113|0x000000031cc00000, 0x000000031cc00000, 0x000000031d000000|  0%| F|  |TAMS 0x000000031cc00000| PB 0x000000031cc00000| Untracked 
| 114|0x000000031d000000, 0x000000031d000000, 0x000000031d400000|  0%| F|  |TAMS 0x000000031d000000| PB 0x000000031d000000| Untracked 
| 115|0x000000031d400000, 0x000000031d400000, 0x000000031d800000|  0%| F|  |TAMS 0x000000031d400000| PB 0x000000031d400000| Untracked 
| 116|0x000000031d800000, 0x000000031d800000, 0x000000031dc00000|  0%| F|  |TAMS 0x000000031d800000| PB 0x000000031d800000| Untracked 
| 117|0x000000031dc00000, 0x000000031dc00000, 0x000000031e000000|  0%| F|  |TAMS 0x000000031dc00000| PB 0x000000031dc00000| Untracked 
| 118|0x000000031e000000, 0x000000031e000000, 0x000000031e400000|  0%| F|  |TAMS 0x000000031e000000| PB 0x000000031e000000| Untracked 
| 119|0x000000031e400000, 0x000000031e400000, 0x000000031e800000|  0%| F|  |TAMS 0x000000031e400000| PB 0x000000031e400000| Untracked 
| 120|0x000000031e800000, 0x000000031e800000, 0x000000031ec00000|  0%| F|  |TAMS 0x000000031e800000| PB 0x000000031e800000| Untracked 
| 121|0x000000031ec00000, 0x000000031ec00000, 0x000000031f000000|  0%| F|  |TAMS 0x000000031ec00000| PB 0x000000031ec00000| Untracked 
| 122|0x000000031f000000, 0x000000031f000000, 0x000000031f400000|  0%| F|  |TAMS 0x000000031f000000| PB 0x000000031f000000| Untracked 
| 123|0x000000031f400000, 0x000000031f400000, 0x000000031f800000|  0%| F|  |TAMS 0x000000031f400000| PB 0x000000031f400000| Untracked 
| 124|0x000000031f800000, 0x000000031f800000, 0x000000031fc00000|  0%| F|  |TAMS 0x000000031f800000| PB 0x000000031f800000| Untracked 
| 125|0x000000031fc00000, 0x000000031fc00000, 0x0000000320000000|  0%| F|  |TAMS 0x000000031fc00000| PB 0x000000031fc00000| Untracked 
| 126|0x0000000320000000, 0x0000000320000000, 0x0000000320400000|  0%| F|  |TAMS 0x0000000320000000| PB 0x0000000320000000| Untracked 
| 127|0x0000000320400000, 0x0000000320400000, 0x0000000320800000|  0%| F|  |TAMS 0x0000000320400000| PB 0x0000000320400000| Untracked 
| 128|0x0000000320800000, 0x0000000320800000, 0x0000000320c00000|  0%| F|  |TAMS 0x0000000320800000| PB 0x0000000320800000| Untracked 
| 129|0x0000000320c00000, 0x0000000320c00000, 0x0000000321000000|  0%| F|  |TAMS 0x0000000320c00000| PB 0x0000000320c00000| Untracked 
| 130|0x0000000321000000, 0x0000000321000000, 0x0000000321400000|  0%| F|  |TAMS 0x0000000321000000| PB 0x0000000321000000| Untracked 
| 131|0x0000000321400000, 0x0000000321400000, 0x0000000321800000|  0%| F|  |TAMS 0x0000000321400000| PB 0x0000000321400000| Untracked 
| 132|0x0000000321800000, 0x0000000321800000, 0x0000000321c00000|  0%| F|  |TAMS 0x0000000321800000| PB 0x0000000321800000| Untracked 
| 133|0x0000000321c00000, 0x0000000321c00000, 0x0000000322000000|  0%| F|  |TAMS 0x0000000321c00000| PB 0x0000000321c00000| Untracked 
| 134|0x0000000322000000, 0x0000000322000000, 0x0000000322400000|  0%| F|  |TAMS 0x0000000322000000| PB 0x0000000322000000| Untracked 
| 135|0x0000000322400000, 0x0000000322400000, 0x0000000322800000|  0%| F|  |TAMS 0x0000000322400000| PB 0x0000000322400000| Untracked 
| 136|0x0000000322800000, 0x0000000322800000, 0x0000000322c00000|  0%| F|  |TAMS 0x0000000322800000| PB 0x0000000322800000| Untracked 
| 137|0x0000000322c00000, 0x0000000322c00000, 0x0000000323000000|  0%| F|  |TAMS 0x0000000322c00000| PB 0x0000000322c00000| Untracked 
| 138|0x0000000323000000, 0x0000000323000000, 0x0000000323400000|  0%| F|  |TAMS 0x0000000323000000| PB 0x0000000323000000| Untracked 
| 139|0x0000000323400000, 0x0000000323400000, 0x0000000323800000|  0%| F|  |TAMS 0x0000000323400000| PB 0x0000000323400000| Untracked 
| 140|0x0000000323800000, 0x0000000323800000, 0x0000000323c00000|  0%| F|  |TAMS 0x0000000323800000| PB 0x0000000323800000| Untracked 
| 141|0x0000000323c00000, 0x0000000323c00000, 0x0000000324000000|  0%| F|  |TAMS 0x0000000323c00000| PB 0x0000000323c00000| Untracked 
| 142|0x0000000324000000, 0x0000000324000000, 0x0000000324400000|  0%| F|  |TAMS 0x0000000324000000| PB 0x0000000324000000| Untracked 
| 143|0x0000000324400000, 0x0000000324400000, 0x0000000324800000|  0%| F|  |TAMS 0x0000000324400000| PB 0x0000000324400000| Untracked 
| 144|0x0000000324800000, 0x0000000324800000, 0x0000000324c00000|  0%| F|  |TAMS 0x0000000324800000| PB 0x0000000324800000| Untracked 
| 145|0x0000000324c00000, 0x0000000324c00000, 0x0000000325000000|  0%| F|  |TAMS 0x0000000324c00000| PB 0x0000000324c00000| Untracked 
| 146|0x0000000325000000, 0x0000000325000000, 0x0000000325400000|  0%| F|  |TAMS 0x0000000325000000| PB 0x0000000325000000| Untracked 
| 147|0x0000000325400000, 0x0000000325400000, 0x0000000325800000|  0%| F|  |TAMS 0x0000000325400000| PB 0x0000000325400000| Untracked 
| 148|0x0000000325800000, 0x0000000325800000, 0x0000000325c00000|  0%| F|  |TAMS 0x0000000325800000| PB 0x0000000325800000| Untracked 
| 149|0x0000000325c00000, 0x0000000325c00000, 0x0000000326000000|  0%| F|  |TAMS 0x0000000325c00000| PB 0x0000000325c00000| Untracked 
| 150|0x0000000326000000, 0x0000000326000000, 0x0000000326400000|  0%| F|  |TAMS 0x0000000326000000| PB 0x0000000326000000| Untracked 
| 151|0x0000000326400000, 0x0000000326400000, 0x0000000326800000|  0%| F|  |TAMS 0x0000000326400000| PB 0x0000000326400000| Untracked 
| 152|0x0000000326800000, 0x0000000326800000, 0x0000000326c00000|  0%| F|  |TAMS 0x0000000326800000| PB 0x0000000326800000| Untracked 
| 153|0x0000000326c00000, 0x0000000326c00000, 0x0000000327000000|  0%| F|  |TAMS 0x0000000326c00000| PB 0x0000000326c00000| Untracked 
| 154|0x0000000327000000, 0x0000000327000000, 0x0000000327400000|  0%| F|  |TAMS 0x0000000327000000| PB 0x0000000327000000| Untracked 
| 155|0x0000000327400000, 0x0000000327400000, 0x0000000327800000|  0%| F|  |TAMS 0x0000000327400000| PB 0x0000000327400000| Untracked 
| 156|0x0000000327800000, 0x0000000327800000, 0x0000000327c00000|  0%| F|  |TAMS 0x0000000327800000| PB 0x0000000327800000| Untracked 
| 157|0x0000000327c00000, 0x0000000327c00000, 0x0000000328000000|  0%| F|  |TAMS 0x0000000327c00000| PB 0x0000000327c00000| Untracked 
| 158|0x0000000328000000, 0x0000000328000000, 0x0000000328400000|  0%| F|  |TAMS 0x0000000328000000| PB 0x0000000328000000| Untracked 
| 159|0x0000000328400000, 0x0000000328400000, 0x0000000328800000|  0%| F|  |TAMS 0x0000000328400000| PB 0x0000000328400000| Untracked 
| 160|0x0000000328800000, 0x0000000328800000, 0x0000000328c00000|  0%| F|  |TAMS 0x0000000328800000| PB 0x0000000328800000| Untracked 
| 161|0x0000000328c00000, 0x0000000328c00000, 0x0000000329000000|  0%| F|  |TAMS 0x0000000328c00000| PB 0x0000000328c00000| Untracked 
| 162|0x0000000329000000, 0x0000000329000000, 0x0000000329400000|  0%| F|  |TAMS 0x0000000329000000| PB 0x0000000329000000| Untracked 
| 163|0x0000000329400000, 0x0000000329400000, 0x0000000329800000|  0%| F|  |TAMS 0x0000000329400000| PB 0x0000000329400000| Untracked 
| 164|0x0000000329800000, 0x0000000329800000, 0x0000000329c00000|  0%| F|  |TAMS 0x0000000329800000| PB 0x0000000329800000| Untracked 
| 165|0x0000000329c00000, 0x0000000329c00000, 0x000000032a000000|  0%| F|  |TAMS 0x0000000329c00000| PB 0x0000000329c00000| Untracked 
| 166|0x000000032a000000, 0x000000032a000000, 0x000000032a400000|  0%| F|  |TAMS 0x000000032a000000| PB 0x000000032a000000| Untracked 
| 167|0x000000032a400000, 0x000000032a400000, 0x000000032a800000|  0%| F|  |TAMS 0x000000032a400000| PB 0x000000032a400000| Untracked 
| 168|0x000000032a800000, 0x000000032a800000, 0x000000032ac00000|  0%| F|  |TAMS 0x000000032a800000| PB 0x000000032a800000| Untracked 
| 169|0x000000032ac00000, 0x000000032ac00000, 0x000000032b000000|  0%| F|  |TAMS 0x000000032ac00000| PB 0x000000032ac00000| Untracked 
| 170|0x000000032b000000, 0x000000032b000000, 0x000000032b400000|  0%| F|  |TAMS 0x000000032b000000| PB 0x000000032b000000| Untracked 
| 171|0x000000032b400000, 0x000000032b400000, 0x000000032b800000|  0%| F|  |TAMS 0x000000032b400000| PB 0x000000032b400000| Untracked 
| 172|0x000000032b800000, 0x000000032b800000, 0x000000032bc00000|  0%| F|  |TAMS 0x000000032b800000| PB 0x000000032b800000| Untracked 
| 173|0x000000032bc00000, 0x000000032bc00000, 0x000000032c000000|  0%| F|  |TAMS 0x000000032bc00000| PB 0x000000032bc00000| Untracked 
| 174|0x000000032c000000, 0x000000032c000000, 0x000000032c400000|  0%| F|  |TAMS 0x000000032c000000| PB 0x000000032c000000| Untracked 
| 175|0x000000032c400000, 0x000000032c400000, 0x000000032c800000|  0%| F|  |TAMS 0x000000032c400000| PB 0x000000032c400000| Untracked 
| 176|0x000000032c800000, 0x000000032c800000, 0x000000032cc00000|  0%| F|  |TAMS 0x000000032c800000| PB 0x000000032c800000| Untracked 
| 177|0x000000032cc00000, 0x000000032cc00000, 0x000000032d000000|  0%| F|  |TAMS 0x000000032cc00000| PB 0x000000032cc00000| Untracked 
| 178|0x000000032d000000, 0x000000032d000000, 0x000000032d400000|  0%| F|  |TAMS 0x000000032d000000| PB 0x000000032d000000| Untracked 
| 179|0x000000032d400000, 0x000000032d400000, 0x000000032d800000|  0%| F|  |TAMS 0x000000032d400000| PB 0x000000032d400000| Untracked 
| 180|0x000000032d800000, 0x000000032d800000, 0x000000032dc00000|  0%| F|  |TAMS 0x000000032d800000| PB 0x000000032d800000| Untracked 
| 181|0x000000032dc00000, 0x000000032dc00000, 0x000000032e000000|  0%| F|  |TAMS 0x000000032dc00000| PB 0x000000032dc00000| Untracked 
| 182|0x000000032e000000, 0x000000032e000000, 0x000000032e400000|  0%| F|  |TAMS 0x000000032e000000| PB 0x000000032e000000| Untracked 
| 183|0x000000032e400000, 0x000000032e400000, 0x000000032e800000|  0%| F|  |TAMS 0x000000032e400000| PB 0x000000032e400000| Untracked 
| 184|0x000000032e800000, 0x000000032e800000, 0x000000032ec00000|  0%| F|  |TAMS 0x000000032e800000| PB 0x000000032e800000| Untracked 
| 185|0x000000032ec00000, 0x000000032ec00000, 0x000000032f000000|  0%| F|  |TAMS 0x000000032ec00000| PB 0x000000032ec00000| Untracked 
| 186|0x000000032f000000, 0x000000032f000000, 0x000000032f400000|  0%| F|  |TAMS 0x000000032f000000| PB 0x000000032f000000| Untracked 
| 187|0x000000032f400000, 0x000000032f400000, 0x000000032f800000|  0%| F|  |TAMS 0x000000032f400000| PB 0x000000032f400000| Untracked 
| 188|0x000000032f800000, 0x000000032f800000, 0x000000032fc00000|  0%| F|  |TAMS 0x000000032f800000| PB 0x000000032f800000| Untracked 
| 189|0x000000032fc00000, 0x000000032fc00000, 0x0000000330000000|  0%| F|  |TAMS 0x000000032fc00000| PB 0x000000032fc00000| Untracked 
| 190|0x0000000330000000, 0x0000000330000000, 0x0000000330400000|  0%| F|  |TAMS 0x0000000330000000| PB 0x0000000330000000| Untracked 
| 191|0x0000000330400000, 0x0000000330400000, 0x0000000330800000|  0%| F|  |TAMS 0x0000000330400000| PB 0x0000000330400000| Untracked 
| 192|0x0000000330800000, 0x0000000330800000, 0x0000000330c00000|  0%| F|  |TAMS 0x0000000330800000| PB 0x0000000330800000| Untracked 
| 193|0x0000000330c00000, 0x0000000330c00000, 0x0000000331000000|  0%| F|  |TAMS 0x0000000330c00000| PB 0x0000000330c00000| Untracked 
| 194|0x0000000331000000, 0x0000000331000000, 0x0000000331400000|  0%| F|  |TAMS 0x0000000331000000| PB 0x0000000331000000| Untracked 
| 195|0x0000000331400000, 0x0000000331400000, 0x0000000331800000|  0%| F|  |TAMS 0x0000000331400000| PB 0x0000000331400000| Untracked 
| 196|0x0000000331800000, 0x0000000331800000, 0x0000000331c00000|  0%| F|  |TAMS 0x0000000331800000| PB 0x0000000331800000| Untracked 
| 197|0x0000000331c00000, 0x0000000331c00000, 0x0000000332000000|  0%| F|  |TAMS 0x0000000331c00000| PB 0x0000000331c00000| Untracked 
| 198|0x0000000332000000, 0x0000000332000000, 0x0000000332400000|  0%| F|  |TAMS 0x0000000332000000| PB 0x0000000332000000| Untracked 
| 199|0x0000000332400000, 0x0000000332400000, 0x0000000332800000|  0%| F|  |TAMS 0x0000000332400000| PB 0x0000000332400000| Untracked 
| 200|0x0000000332800000, 0x0000000332800000, 0x0000000332c00000|  0%| F|  |TAMS 0x0000000332800000| PB 0x0000000332800000| Untracked 
| 201|0x0000000332c00000, 0x0000000332c00000, 0x0000000333000000|  0%| F|  |TAMS 0x0000000332c00000| PB 0x0000000332c00000| Untracked 
| 202|0x0000000333000000, 0x0000000333000000, 0x0000000333400000|  0%| F|  |TAMS 0x0000000333000000| PB 0x0000000333000000| Untracked 
| 203|0x0000000333400000, 0x0000000333400000, 0x0000000333800000|  0%| F|  |TAMS 0x0000000333400000| PB 0x0000000333400000| Untracked 
| 204|0x0000000333800000, 0x0000000333800000, 0x0000000333c00000|  0%| F|  |TAMS 0x0000000333800000| PB 0x0000000333800000| Untracked 
| 205|0x0000000333c00000, 0x0000000333c00000, 0x0000000334000000|  0%| F|  |TAMS 0x0000000333c00000| PB 0x0000000333c00000| Untracked 
| 206|0x0000000334000000, 0x0000000334000000, 0x0000000334400000|  0%| F|  |TAMS 0x0000000334000000| PB 0x0000000334000000| Untracked 
| 207|0x0000000334400000, 0x0000000334400000, 0x0000000334800000|  0%| F|  |TAMS 0x0000000334400000| PB 0x0000000334400000| Untracked 
| 208|0x0000000334800000, 0x0000000334800000, 0x0000000334c00000|  0%| F|  |TAMS 0x0000000334800000| PB 0x0000000334800000| Untracked 
| 209|0x0000000334c00000, 0x0000000334c00000, 0x0000000335000000|  0%| F|  |TAMS 0x0000000334c00000| PB 0x0000000334c00000| Untracked 
| 210|0x0000000335000000, 0x0000000335000000, 0x0000000335400000|  0%| F|  |TAMS 0x0000000335000000| PB 0x0000000335000000| Untracked 
| 211|0x0000000335400000, 0x0000000335400000, 0x0000000335800000|  0%| F|  |TAMS 0x0000000335400000| PB 0x0000000335400000| Untracked 
| 212|0x0000000335800000, 0x0000000335800000, 0x0000000335c00000|  0%| F|  |TAMS 0x0000000335800000| PB 0x0000000335800000| Untracked 
| 213|0x0000000335c00000, 0x0000000335c00000, 0x0000000336000000|  0%| F|  |TAMS 0x0000000335c00000| PB 0x0000000335c00000| Untracked 
| 214|0x0000000336000000, 0x0000000336000000, 0x0000000336400000|  0%| F|  |TAMS 0x0000000336000000| PB 0x0000000336000000| Untracked 
| 215|0x0000000336400000, 0x0000000336400000, 0x0000000336800000|  0%| F|  |TAMS 0x0000000336400000| PB 0x0000000336400000| Untracked 
| 216|0x0000000336800000, 0x0000000336800000, 0x0000000336c00000|  0%| F|  |TAMS 0x0000000336800000| PB 0x0000000336800000| Untracked 
| 217|0x0000000336c00000, 0x0000000336c00000, 0x0000000337000000|  0%| F|  |TAMS 0x0000000336c00000| PB 0x0000000336c00000| Untracked 
| 218|0x0000000337000000, 0x0000000337000000, 0x0000000337400000|  0%| F|  |TAMS 0x0000000337000000| PB 0x0000000337000000| Untracked 
| 219|0x0000000337400000, 0x0000000337400000, 0x0000000337800000|  0%| F|  |TAMS 0x0000000337400000| PB 0x0000000337400000| Untracked 
| 220|0x0000000337800000, 0x0000000337800000, 0x0000000337c00000|  0%| F|  |TAMS 0x0000000337800000| PB 0x0000000337800000| Untracked 
| 221|0x0000000337c00000, 0x0000000337c00000, 0x0000000338000000|  0%| F|  |TAMS 0x0000000337c00000| PB 0x0000000337c00000| Untracked 
| 222|0x0000000338000000, 0x0000000338000000, 0x0000000338400000|  0%| F|  |TAMS 0x0000000338000000| PB 0x0000000338000000| Untracked 
| 223|0x0000000338400000, 0x0000000338400000, 0x0000000338800000|  0%| F|  |TAMS 0x0000000338400000| PB 0x0000000338400000| Untracked 
| 224|0x0000000338800000, 0x0000000338800000, 0x0000000338c00000|  0%| F|  |TAMS 0x0000000338800000| PB 0x0000000338800000| Untracked 
| 225|0x0000000338c00000, 0x0000000338c00000, 0x0000000339000000|  0%| F|  |TAMS 0x0000000338c00000| PB 0x0000000338c00000| Untracked 
| 226|0x0000000339000000, 0x0000000339000000, 0x0000000339400000|  0%| F|  |TAMS 0x0000000339000000| PB 0x0000000339000000| Untracked 
| 227|0x0000000339400000, 0x0000000339400000, 0x0000000339800000|  0%| F|  |TAMS 0x0000000339400000| PB 0x0000000339400000| Untracked 
| 228|0x0000000339800000, 0x0000000339800000, 0x0000000339c00000|  0%| F|  |TAMS 0x0000000339800000| PB 0x0000000339800000| Untracked 
| 229|0x0000000339c00000, 0x0000000339c00000, 0x000000033a000000|  0%| F|  |TAMS 0x0000000339c00000| PB 0x0000000339c00000| Untracked 
| 230|0x000000033a000000, 0x000000033a000000, 0x000000033a400000|  0%| F|  |TAMS 0x000000033a000000| PB 0x000000033a000000| Untracked 
| 231|0x000000033a400000, 0x000000033a400000, 0x000000033a800000|  0%| F|  |TAMS 0x000000033a400000| PB 0x000000033a400000| Untracked 
| 232|0x000000033a800000, 0x000000033a800000, 0x000000033ac00000|  0%| F|  |TAMS 0x000000033a800000| PB 0x000000033a800000| Untracked 
| 233|0x000000033ac00000, 0x000000033ac00000, 0x000000033b000000|  0%| F|  |TAMS 0x000000033ac00000| PB 0x000000033ac00000| Untracked 
| 234|0x000000033b000000, 0x000000033b000000, 0x000000033b400000|  0%| F|  |TAMS 0x000000033b000000| PB 0x000000033b000000| Untracked 
| 235|0x000000033b400000, 0x000000033b400000, 0x000000033b800000|  0%| F|  |TAMS 0x000000033b400000| PB 0x000000033b400000| Untracked 
| 236|0x000000033b800000, 0x000000033b800000, 0x000000033bc00000|  0%| F|  |TAMS 0x000000033b800000| PB 0x000000033b800000| Untracked 
| 237|0x000000033bc00000, 0x000000033bc00000, 0x000000033c000000|  0%| F|  |TAMS 0x000000033bc00000| PB 0x000000033bc00000| Untracked 
| 238|0x000000033c000000, 0x000000033c000000, 0x000000033c400000|  0%| F|  |TAMS 0x000000033c000000| PB 0x000000033c000000| Untracked 
| 239|0x000000033c400000, 0x000000033c400000, 0x000000033c800000|  0%| F|  |TAMS 0x000000033c400000| PB 0x000000033c400000| Untracked 
| 240|0x000000033c800000, 0x000000033c800000, 0x000000033cc00000|  0%| F|  |TAMS 0x000000033c800000| PB 0x000000033c800000| Untracked 
| 241|0x000000033cc00000, 0x000000033cc00000, 0x000000033d000000|  0%| F|  |TAMS 0x000000033cc00000| PB 0x000000033cc00000| Untracked 
| 242|0x000000033d000000, 0x000000033d000000, 0x000000033d400000|  0%| F|  |TAMS 0x000000033d000000| PB 0x000000033d000000| Untracked 
| 243|0x000000033d400000, 0x000000033d400000, 0x000000033d800000|  0%| F|  |TAMS 0x000000033d400000| PB 0x000000033d400000| Untracked 
| 244|0x000000033d800000, 0x000000033d800000, 0x000000033dc00000|  0%| F|  |TAMS 0x000000033d800000| PB 0x000000033d800000| Untracked 
| 245|0x000000033dc00000, 0x000000033dc00000, 0x000000033e000000|  0%| F|  |TAMS 0x000000033dc00000| PB 0x000000033dc00000| Untracked 
| 246|0x000000033e000000, 0x000000033e000000, 0x000000033e400000|  0%| F|  |TAMS 0x000000033e000000| PB 0x000000033e000000| Untracked 
| 247|0x000000033e400000, 0x000000033e400000, 0x000000033e800000|  0%| F|  |TAMS 0x000000033e400000| PB 0x000000033e400000| Untracked 
| 248|0x000000033e800000, 0x000000033e800000, 0x000000033ec00000|  0%| F|  |TAMS 0x000000033e800000| PB 0x000000033e800000| Untracked 
| 249|0x000000033ec00000, 0x000000033ec00000, 0x000000033f000000|  0%| F|  |TAMS 0x000000033ec00000| PB 0x000000033ec00000| Untracked 
| 250|0x000000033f000000, 0x000000033f000000, 0x000000033f400000|  0%| F|  |TAMS 0x000000033f000000| PB 0x000000033f000000| Untracked 
| 251|0x000000033f400000, 0x000000033f400000, 0x000000033f800000|  0%| F|  |TAMS 0x000000033f400000| PB 0x000000033f400000| Untracked 
| 252|0x000000033f800000, 0x000000033f800000, 0x000000033fc00000|  0%| F|  |TAMS 0x000000033f800000| PB 0x000000033f800000| Untracked 
| 253|0x000000033fc00000, 0x000000033fc00000, 0x0000000340000000|  0%| F|  |TAMS 0x000000033fc00000| PB 0x000000033fc00000| Untracked 
| 254|0x0000000340000000, 0x0000000340000000, 0x0000000340400000|  0%| F|  |TAMS 0x0000000340000000| PB 0x0000000340000000| Untracked 
| 255|0x0000000340400000, 0x0000000340400000, 0x0000000340800000|  0%| F|  |TAMS 0x0000000340400000| PB 0x0000000340400000| Untracked 
| 256|0x0000000340800000, 0x0000000340800000, 0x0000000340c00000|  0%| F|  |TAMS 0x0000000340800000| PB 0x0000000340800000| Untracked 
| 257|0x0000000340c00000, 0x0000000340c00000, 0x0000000341000000|  0%| F|  |TAMS 0x0000000340c00000| PB 0x0000000340c00000| Untracked 
| 258|0x0000000341000000, 0x0000000341000000, 0x0000000341400000|  0%| F|  |TAMS 0x0000000341000000| PB 0x0000000341000000| Untracked 
| 259|0x0000000341400000, 0x0000000341400000, 0x0000000341800000|  0%| F|  |TAMS 0x0000000341400000| PB 0x0000000341400000| Untracked 
| 260|0x0000000341800000, 0x0000000341800000, 0x0000000341c00000|  0%| F|  |TAMS 0x0000000341800000| PB 0x0000000341800000| Untracked 
| 261|0x0000000341c00000, 0x0000000341c00000, 0x0000000342000000|  0%| F|  |TAMS 0x0000000341c00000| PB 0x0000000341c00000| Untracked 
| 262|0x0000000342000000, 0x0000000342000000, 0x0000000342400000|  0%| F|  |TAMS 0x0000000342000000| PB 0x0000000342000000| Untracked 
| 263|0x0000000342400000, 0x0000000342400000, 0x0000000342800000|  0%| F|  |TAMS 0x0000000342400000| PB 0x0000000342400000| Untracked 
| 264|0x0000000342800000, 0x0000000342800000, 0x0000000342c00000|  0%| F|  |TAMS 0x0000000342800000| PB 0x0000000342800000| Untracked 
| 265|0x0000000342c00000, 0x0000000342c00000, 0x0000000343000000|  0%| F|  |TAMS 0x0000000342c00000| PB 0x0000000342c00000| Untracked 
| 266|0x0000000343000000, 0x0000000343000000, 0x0000000343400000|  0%| F|  |TAMS 0x0000000343000000| PB 0x0000000343000000| Untracked 
| 267|0x0000000343400000, 0x0000000343400000, 0x0000000343800000|  0%| F|  |TAMS 0x0000000343400000| PB 0x0000000343400000| Untracked 
| 268|0x0000000343800000, 0x0000000343800000, 0x0000000343c00000|  0%| F|  |TAMS 0x0000000343800000| PB 0x0000000343800000| Untracked 
| 269|0x0000000343c00000, 0x0000000343c00000, 0x0000000344000000|  0%| F|  |TAMS 0x0000000343c00000| PB 0x0000000343c00000| Untracked 
| 270|0x0000000344000000, 0x0000000344000000, 0x0000000344400000|  0%| F|  |TAMS 0x0000000344000000| PB 0x0000000344000000| Untracked 
| 271|0x0000000344400000, 0x0000000344400000, 0x0000000344800000|  0%| F|  |TAMS 0x0000000344400000| PB 0x0000000344400000| Untracked 
| 272|0x0000000344800000, 0x0000000344800000, 0x0000000344c00000|  0%| F|  |TAMS 0x0000000344800000| PB 0x0000000344800000| Untracked 
| 273|0x0000000344c00000, 0x0000000344c00000, 0x0000000345000000|  0%| F|  |TAMS 0x0000000344c00000| PB 0x0000000344c00000| Untracked 
| 274|0x0000000345000000, 0x0000000345000000, 0x0000000345400000|  0%| F|  |TAMS 0x0000000345000000| PB 0x0000000345000000| Untracked 
| 275|0x0000000345400000, 0x0000000345400000, 0x0000000345800000|  0%| F|  |TAMS 0x0000000345400000| PB 0x0000000345400000| Untracked 
| 276|0x0000000345800000, 0x0000000345800000, 0x0000000345c00000|  0%| F|  |TAMS 0x0000000345800000| PB 0x0000000345800000| Untracked 
| 277|0x0000000345c00000, 0x0000000345c00000, 0x0000000346000000|  0%| F|  |TAMS 0x0000000345c00000| PB 0x0000000345c00000| Untracked 
| 278|0x0000000346000000, 0x0000000346000000, 0x0000000346400000|  0%| F|  |TAMS 0x0000000346000000| PB 0x0000000346000000| Untracked 
| 279|0x0000000346400000, 0x0000000346400000, 0x0000000346800000|  0%| F|  |TAMS 0x0000000346400000| PB 0x0000000346400000| Untracked 
| 280|0x0000000346800000, 0x0000000346800000, 0x0000000346c00000|  0%| F|  |TAMS 0x0000000346800000| PB 0x0000000346800000| Untracked 
| 281|0x0000000346c00000, 0x0000000346c00000, 0x0000000347000000|  0%| F|  |TAMS 0x0000000346c00000| PB 0x0000000346c00000| Untracked 
| 282|0x0000000347000000, 0x0000000347000000, 0x0000000347400000|  0%| F|  |TAMS 0x0000000347000000| PB 0x0000000347000000| Untracked 
| 283|0x0000000347400000, 0x0000000347400000, 0x0000000347800000|  0%| F|  |TAMS 0x0000000347400000| PB 0x0000000347400000| Untracked 
| 284|0x0000000347800000, 0x0000000347800000, 0x0000000347c00000|  0%| F|  |TAMS 0x0000000347800000| PB 0x0000000347800000| Untracked 
| 285|0x0000000347c00000, 0x0000000347c00000, 0x0000000348000000|  0%| F|  |TAMS 0x0000000347c00000| PB 0x0000000347c00000| Untracked 
| 286|0x0000000348000000, 0x0000000348000000, 0x0000000348400000|  0%| F|  |TAMS 0x0000000348000000| PB 0x0000000348000000| Untracked 
| 287|0x0000000348400000, 0x0000000348400000, 0x0000000348800000|  0%| F|  |TAMS 0x0000000348400000| PB 0x0000000348400000| Untracked 
| 288|0x0000000348800000, 0x0000000348800000, 0x0000000348c00000|  0%| F|  |TAMS 0x0000000348800000| PB 0x0000000348800000| Untracked 
| 289|0x0000000348c00000, 0x0000000348c00000, 0x0000000349000000|  0%| F|  |TAMS 0x0000000348c00000| PB 0x0000000348c00000| Untracked 
| 290|0x0000000349000000, 0x0000000349000000, 0x0000000349400000|  0%| F|  |TAMS 0x0000000349000000| PB 0x0000000349000000| Untracked 
| 291|0x0000000349400000, 0x0000000349400000, 0x0000000349800000|  0%| F|  |TAMS 0x0000000349400000| PB 0x0000000349400000| Untracked 
| 292|0x0000000349800000, 0x0000000349800000, 0x0000000349c00000|  0%| F|  |TAMS 0x0000000349800000| PB 0x0000000349800000| Untracked 
| 293|0x0000000349c00000, 0x0000000349c00000, 0x000000034a000000|  0%| F|  |TAMS 0x0000000349c00000| PB 0x0000000349c00000| Untracked 
| 294|0x000000034a000000, 0x000000034a000000, 0x000000034a400000|  0%| F|  |TAMS 0x000000034a000000| PB 0x000000034a000000| Untracked 
| 295|0x000000034a400000, 0x000000034a400000, 0x000000034a800000|  0%| F|  |TAMS 0x000000034a400000| PB 0x000000034a400000| Untracked 
| 296|0x000000034a800000, 0x000000034a800000, 0x000000034ac00000|  0%| F|  |TAMS 0x000000034a800000| PB 0x000000034a800000| Untracked 
| 297|0x000000034ac00000, 0x000000034ac00000, 0x000000034b000000|  0%| F|  |TAMS 0x000000034ac00000| PB 0x000000034ac00000| Untracked 
| 298|0x000000034b000000, 0x000000034b000000, 0x000000034b400000|  0%| F|  |TAMS 0x000000034b000000| PB 0x000000034b000000| Untracked 
| 299|0x000000034b400000, 0x000000034b400000, 0x000000034b800000|  0%| F|  |TAMS 0x000000034b400000| PB 0x000000034b400000| Untracked 
| 300|0x000000034b800000, 0x000000034b800000, 0x000000034bc00000|  0%| F|  |TAMS 0x000000034b800000| PB 0x000000034b800000| Untracked 
| 301|0x000000034bc00000, 0x000000034bc00000, 0x000000034c000000|  0%| F|  |TAMS 0x000000034bc00000| PB 0x000000034bc00000| Untracked 
| 302|0x000000034c000000, 0x000000034c000000, 0x000000034c400000|  0%| F|  |TAMS 0x000000034c000000| PB 0x000000034c000000| Untracked 
| 303|0x000000034c400000, 0x000000034c400000, 0x000000034c800000|  0%| F|  |TAMS 0x000000034c400000| PB 0x000000034c400000| Untracked 
| 304|0x000000034c800000, 0x000000034c800000, 0x000000034cc00000|  0%| F|  |TAMS 0x000000034c800000| PB 0x000000034c800000| Untracked 
| 305|0x000000034cc00000, 0x000000034cc00000, 0x000000034d000000|  0%| F|  |TAMS 0x000000034cc00000| PB 0x000000034cc00000| Untracked 
| 306|0x000000034d000000, 0x000000034d000000, 0x000000034d400000|  0%| F|  |TAMS 0x000000034d000000| PB 0x000000034d000000| Untracked 
| 307|0x000000034d400000, 0x000000034d400000, 0x000000034d800000|  0%| F|  |TAMS 0x000000034d400000| PB 0x000000034d400000| Untracked 
| 308|0x000000034d800000, 0x000000034d800000, 0x000000034dc00000|  0%| F|  |TAMS 0x000000034d800000| PB 0x000000034d800000| Untracked 
| 309|0x000000034dc00000, 0x000000034dc00000, 0x000000034e000000|  0%| F|  |TAMS 0x000000034dc00000| PB 0x000000034dc00000| Untracked 
| 310|0x000000034e000000, 0x000000034e000000, 0x000000034e400000|  0%| F|  |TAMS 0x000000034e000000| PB 0x000000034e000000| Untracked 
| 311|0x000000034e400000, 0x000000034e400000, 0x000000034e800000|  0%| F|  |TAMS 0x000000034e400000| PB 0x000000034e400000| Untracked 
| 312|0x000000034e800000, 0x000000034e800000, 0x000000034ec00000|  0%| F|  |TAMS 0x000000034e800000| PB 0x000000034e800000| Untracked 
| 313|0x000000034ec00000, 0x000000034ec00000, 0x000000034f000000|  0%| F|  |TAMS 0x000000034ec00000| PB 0x000000034ec00000| Untracked 
| 314|0x000000034f000000, 0x000000034f000000, 0x000000034f400000|  0%| F|  |TAMS 0x000000034f000000| PB 0x000000034f000000| Untracked 
| 315|0x000000034f400000, 0x000000034f400000, 0x000000034f800000|  0%| F|  |TAMS 0x000000034f400000| PB 0x000000034f400000| Untracked 
| 316|0x000000034f800000, 0x000000034f800000, 0x000000034fc00000|  0%| F|  |TAMS 0x000000034f800000| PB 0x000000034f800000| Untracked 
| 317|0x000000034fc00000, 0x000000034fc00000, 0x0000000350000000|  0%| F|  |TAMS 0x000000034fc00000| PB 0x000000034fc00000| Untracked 
| 318|0x0000000350000000, 0x0000000350000000, 0x0000000350400000|  0%| F|  |TAMS 0x0000000350000000| PB 0x0000000350000000| Untracked 
| 319|0x0000000350400000, 0x0000000350400000, 0x0000000350800000|  0%| F|  |TAMS 0x0000000350400000| PB 0x0000000350400000| Untracked 
| 320|0x0000000350800000, 0x0000000350800000, 0x0000000350c00000|  0%| F|  |TAMS 0x0000000350800000| PB 0x0000000350800000| Untracked 
| 321|0x0000000350c00000, 0x0000000350c00000, 0x0000000351000000|  0%| F|  |TAMS 0x0000000350c00000| PB 0x0000000350c00000| Untracked 
| 322|0x0000000351000000, 0x0000000351000000, 0x0000000351400000|  0%| F|  |TAMS 0x0000000351000000| PB 0x0000000351000000| Untracked 
| 323|0x0000000351400000, 0x0000000351400000, 0x0000000351800000|  0%| F|  |TAMS 0x0000000351400000| PB 0x0000000351400000| Untracked 
| 324|0x0000000351800000, 0x0000000351800000, 0x0000000351c00000|  0%| F|  |TAMS 0x0000000351800000| PB 0x0000000351800000| Untracked 
| 325|0x0000000351c00000, 0x0000000351c00000, 0x0000000352000000|  0%| F|  |TAMS 0x0000000351c00000| PB 0x0000000351c00000| Untracked 
| 326|0x0000000352000000, 0x0000000352000000, 0x0000000352400000|  0%| F|  |TAMS 0x0000000352000000| PB 0x0000000352000000| Untracked 
| 327|0x0000000352400000, 0x0000000352400000, 0x0000000352800000|  0%| F|  |TAMS 0x0000000352400000| PB 0x0000000352400000| Untracked 
| 328|0x0000000352800000, 0x0000000352800000, 0x0000000352c00000|  0%| F|  |TAMS 0x0000000352800000| PB 0x0000000352800000| Untracked 
| 329|0x0000000352c00000, 0x0000000352c00000, 0x0000000353000000|  0%| F|  |TAMS 0x0000000352c00000| PB 0x0000000352c00000| Untracked 
| 330|0x0000000353000000, 0x0000000353000000, 0x0000000353400000|  0%| F|  |TAMS 0x0000000353000000| PB 0x0000000353000000| Untracked 
| 331|0x0000000353400000, 0x0000000353400000, 0x0000000353800000|  0%| F|  |TAMS 0x0000000353400000| PB 0x0000000353400000| Untracked 
| 332|0x0000000353800000, 0x0000000353800000, 0x0000000353c00000|  0%| F|  |TAMS 0x0000000353800000| PB 0x0000000353800000| Untracked 
| 333|0x0000000353c00000, 0x0000000353c00000, 0x0000000354000000|  0%| F|  |TAMS 0x0000000353c00000| PB 0x0000000353c00000| Untracked 
| 334|0x0000000354000000, 0x0000000354000000, 0x0000000354400000|  0%| F|  |TAMS 0x0000000354000000| PB 0x0000000354000000| Untracked 
| 335|0x0000000354400000, 0x0000000354400000, 0x0000000354800000|  0%| F|  |TAMS 0x0000000354400000| PB 0x0000000354400000| Untracked 
| 336|0x0000000354800000, 0x0000000354800000, 0x0000000354c00000|  0%| F|  |TAMS 0x0000000354800000| PB 0x0000000354800000| Untracked 
| 337|0x0000000354c00000, 0x0000000354c00000, 0x0000000355000000|  0%| F|  |TAMS 0x0000000354c00000| PB 0x0000000354c00000| Untracked 
| 338|0x0000000355000000, 0x0000000355000000, 0x0000000355400000|  0%| F|  |TAMS 0x0000000355000000| PB 0x0000000355000000| Untracked 
| 339|0x0000000355400000, 0x0000000355400000, 0x0000000355800000|  0%| F|  |TAMS 0x0000000355400000| PB 0x0000000355400000| Untracked 
| 340|0x0000000355800000, 0x0000000355800000, 0x0000000355c00000|  0%| F|  |TAMS 0x0000000355800000| PB 0x0000000355800000| Untracked 
| 341|0x0000000355c00000, 0x0000000355c00000, 0x0000000356000000|  0%| F|  |TAMS 0x0000000355c00000| PB 0x0000000355c00000| Untracked 
| 342|0x0000000356000000, 0x0000000356000000, 0x0000000356400000|  0%| F|  |TAMS 0x0000000356000000| PB 0x0000000356000000| Untracked 
| 343|0x0000000356400000, 0x0000000356400000, 0x0000000356800000|  0%| F|  |TAMS 0x0000000356400000| PB 0x0000000356400000| Untracked 
| 344|0x0000000356800000, 0x0000000356800000, 0x0000000356c00000|  0%| F|  |TAMS 0x0000000356800000| PB 0x0000000356800000| Untracked 
| 345|0x0000000356c00000, 0x0000000356c00000, 0x0000000357000000|  0%| F|  |TAMS 0x0000000356c00000| PB 0x0000000356c00000| Untracked 
| 346|0x0000000357000000, 0x0000000357000000, 0x0000000357400000|  0%| F|  |TAMS 0x0000000357000000| PB 0x0000000357000000| Untracked 
| 347|0x0000000357400000, 0x0000000357400000, 0x0000000357800000|  0%| F|  |TAMS 0x0000000357400000| PB 0x0000000357400000| Untracked 
| 348|0x0000000357800000, 0x0000000357800000, 0x0000000357c00000|  0%| F|  |TAMS 0x0000000357800000| PB 0x0000000357800000| Untracked 
| 349|0x0000000357c00000, 0x0000000357c00000, 0x0000000358000000|  0%| F|  |TAMS 0x0000000357c00000| PB 0x0000000357c00000| Untracked 
| 350|0x0000000358000000, 0x0000000358000000, 0x0000000358400000|  0%| F|  |TAMS 0x0000000358000000| PB 0x0000000358000000| Untracked 
| 351|0x0000000358400000, 0x0000000358400000, 0x0000000358800000|  0%| F|  |TAMS 0x0000000358400000| PB 0x0000000358400000| Untracked 
| 352|0x0000000358800000, 0x0000000358800000, 0x0000000358c00000|  0%| F|  |TAMS 0x0000000358800000| PB 0x0000000358800000| Untracked 
| 353|0x0000000358c00000, 0x0000000358c00000, 0x0000000359000000|  0%| F|  |TAMS 0x0000000358c00000| PB 0x0000000358c00000| Untracked 
| 354|0x0000000359000000, 0x0000000359000000, 0x0000000359400000|  0%| F|  |TAMS 0x0000000359000000| PB 0x0000000359000000| Untracked 
| 355|0x0000000359400000, 0x0000000359400000, 0x0000000359800000|  0%| F|  |TAMS 0x0000000359400000| PB 0x0000000359400000| Untracked 
| 356|0x0000000359800000, 0x0000000359800000, 0x0000000359c00000|  0%| F|  |TAMS 0x0000000359800000| PB 0x0000000359800000| Untracked 
| 357|0x0000000359c00000, 0x0000000359c00000, 0x000000035a000000|  0%| F|  |TAMS 0x0000000359c00000| PB 0x0000000359c00000| Untracked 
| 358|0x000000035a000000, 0x000000035a000000, 0x000000035a400000|  0%| F|  |TAMS 0x000000035a000000| PB 0x000000035a000000| Untracked 
| 359|0x000000035a400000, 0x000000035a400000, 0x000000035a800000|  0%| F|  |TAMS 0x000000035a400000| PB 0x000000035a400000| Untracked 
| 360|0x000000035a800000, 0x000000035a800000, 0x000000035ac00000|  0%| F|  |TAMS 0x000000035a800000| PB 0x000000035a800000| Untracked 
| 361|0x000000035ac00000, 0x000000035ac00000, 0x000000035b000000|  0%| F|  |TAMS 0x000000035ac00000| PB 0x000000035ac00000| Untracked 
| 362|0x000000035b000000, 0x000000035b000000, 0x000000035b400000|  0%| F|  |TAMS 0x000000035b000000| PB 0x000000035b000000| Untracked 
| 363|0x000000035b400000, 0x000000035b400000, 0x000000035b800000|  0%| F|  |TAMS 0x000000035b400000| PB 0x000000035b400000| Untracked 
| 364|0x000000035b800000, 0x000000035b800000, 0x000000035bc00000|  0%| F|  |TAMS 0x000000035b800000| PB 0x000000035b800000| Untracked 
| 365|0x000000035bc00000, 0x000000035bc00000, 0x000000035c000000|  0%| F|  |TAMS 0x000000035bc00000| PB 0x000000035bc00000| Untracked 
| 366|0x000000035c000000, 0x000000035c000000, 0x000000035c400000|  0%| F|  |TAMS 0x000000035c000000| PB 0x000000035c000000| Untracked 
| 367|0x000000035c400000, 0x000000035c400000, 0x000000035c800000|  0%| F|  |TAMS 0x000000035c400000| PB 0x000000035c400000| Untracked 
| 368|0x000000035c800000, 0x000000035c800000, 0x000000035cc00000|  0%| F|  |TAMS 0x000000035c800000| PB 0x000000035c800000| Untracked 
| 369|0x000000035cc00000, 0x000000035cc00000, 0x000000035d000000|  0%| F|  |TAMS 0x000000035cc00000| PB 0x000000035cc00000| Untracked 
| 370|0x000000035d000000, 0x000000035d000000, 0x000000035d400000|  0%| F|  |TAMS 0x000000035d000000| PB 0x000000035d000000| Untracked 
| 371|0x000000035d400000, 0x000000035d400000, 0x000000035d800000|  0%| F|  |TAMS 0x000000035d400000| PB 0x000000035d400000| Untracked 
| 372|0x000000035d800000, 0x000000035d800000, 0x000000035dc00000|  0%| F|  |TAMS 0x000000035d800000| PB 0x000000035d800000| Untracked 
| 373|0x000000035dc00000, 0x000000035dc00000, 0x000000035e000000|  0%| F|  |TAMS 0x000000035dc00000| PB 0x000000035dc00000| Untracked 
| 374|0x000000035e000000, 0x000000035e000000, 0x000000035e400000|  0%| F|  |TAMS 0x000000035e000000| PB 0x000000035e000000| Untracked 
| 375|0x000000035e400000, 0x000000035e400000, 0x000000035e800000|  0%| F|  |TAMS 0x000000035e400000| PB 0x000000035e400000| Untracked 
| 376|0x000000035e800000, 0x000000035e800000, 0x000000035ec00000|  0%| F|  |TAMS 0x000000035e800000| PB 0x000000035e800000| Untracked 
| 377|0x000000035ec00000, 0x000000035ec00000, 0x000000035f000000|  0%| F|  |TAMS 0x000000035ec00000| PB 0x000000035ec00000| Untracked 
| 378|0x000000035f000000, 0x000000035f000000, 0x000000035f400000|  0%| F|  |TAMS 0x000000035f000000| PB 0x000000035f000000| Untracked 
| 379|0x000000035f400000, 0x000000035f400000, 0x000000035f800000|  0%| F|  |TAMS 0x000000035f400000| PB 0x000000035f400000| Untracked 
| 380|0x000000035f800000, 0x000000035f800000, 0x000000035fc00000|  0%| F|  |TAMS 0x000000035f800000| PB 0x000000035f800000| Untracked 
| 381|0x000000035fc00000, 0x000000035fc00000, 0x0000000360000000|  0%| F|  |TAMS 0x000000035fc00000| PB 0x000000035fc00000| Untracked 
| 382|0x0000000360000000, 0x0000000360000000, 0x0000000360400000|  0%| F|  |TAMS 0x0000000360000000| PB 0x0000000360000000| Untracked 
| 383|0x0000000360400000, 0x0000000360400000, 0x0000000360800000|  0%| F|  |TAMS 0x0000000360400000| PB 0x0000000360400000| Untracked 
| 384|0x0000000360800000, 0x0000000360800000, 0x0000000360c00000|  0%| F|  |TAMS 0x0000000360800000| PB 0x0000000360800000| Untracked 
| 385|0x0000000360c00000, 0x0000000360c00000, 0x0000000361000000|  0%| F|  |TAMS 0x0000000360c00000| PB 0x0000000360c00000| Untracked 
| 386|0x0000000361000000, 0x0000000361000000, 0x0000000361400000|  0%| F|  |TAMS 0x0000000361000000| PB 0x0000000361000000| Untracked 
| 387|0x0000000361400000, 0x0000000361400000, 0x0000000361800000|  0%| F|  |TAMS 0x0000000361400000| PB 0x0000000361400000| Untracked 
| 388|0x0000000361800000, 0x0000000361800000, 0x0000000361c00000|  0%| F|  |TAMS 0x0000000361800000| PB 0x0000000361800000| Untracked 
| 389|0x0000000361c00000, 0x0000000361c00000, 0x0000000362000000|  0%| F|  |TAMS 0x0000000361c00000| PB 0x0000000361c00000| Untracked 
| 390|0x0000000362000000, 0x0000000362000000, 0x0000000362400000|  0%| F|  |TAMS 0x0000000362000000| PB 0x0000000362000000| Untracked 
| 391|0x0000000362400000, 0x0000000362400000, 0x0000000362800000|  0%| F|  |TAMS 0x0000000362400000| PB 0x0000000362400000| Untracked 
| 392|0x0000000362800000, 0x0000000362800000, 0x0000000362c00000|  0%| F|  |TAMS 0x0000000362800000| PB 0x0000000362800000| Untracked 
| 393|0x0000000362c00000, 0x0000000362c00000, 0x0000000363000000|  0%| F|  |TAMS 0x0000000362c00000| PB 0x0000000362c00000| Untracked 
| 394|0x0000000363000000, 0x0000000363000000, 0x0000000363400000|  0%| F|  |TAMS 0x0000000363000000| PB 0x0000000363000000| Untracked 
| 395|0x0000000363400000, 0x0000000363400000, 0x0000000363800000|  0%| F|  |TAMS 0x0000000363400000| PB 0x0000000363400000| Untracked 
| 396|0x0000000363800000, 0x0000000363800000, 0x0000000363c00000|  0%| F|  |TAMS 0x0000000363800000| PB 0x0000000363800000| Untracked 
| 397|0x0000000363c00000, 0x0000000363c00000, 0x0000000364000000|  0%| F|  |TAMS 0x0000000363c00000| PB 0x0000000363c00000| Untracked 
| 398|0x0000000364000000, 0x0000000364000000, 0x0000000364400000|  0%| F|  |TAMS 0x0000000364000000| PB 0x0000000364000000| Untracked 
| 399|0x0000000364400000, 0x0000000364400000, 0x0000000364800000|  0%| F|  |TAMS 0x0000000364400000| PB 0x0000000364400000| Untracked 
| 400|0x0000000364800000, 0x0000000364800000, 0x0000000364c00000|  0%| F|  |TAMS 0x0000000364800000| PB 0x0000000364800000| Untracked 
| 401|0x0000000364c00000, 0x0000000364c00000, 0x0000000365000000|  0%| F|  |TAMS 0x0000000364c00000| PB 0x0000000364c00000| Untracked 
| 402|0x0000000365000000, 0x0000000365000000, 0x0000000365400000|  0%| F|  |TAMS 0x0000000365000000| PB 0x0000000365000000| Untracked 
| 403|0x0000000365400000, 0x0000000365400000, 0x0000000365800000|  0%| F|  |TAMS 0x0000000365400000| PB 0x0000000365400000| Untracked 
| 404|0x0000000365800000, 0x0000000365800000, 0x0000000365c00000|  0%| F|  |TAMS 0x0000000365800000| PB 0x0000000365800000| Untracked 
| 405|0x0000000365c00000, 0x0000000365c00000, 0x0000000366000000|  0%| F|  |TAMS 0x0000000365c00000| PB 0x0000000365c00000| Untracked 
| 406|0x0000000366000000, 0x0000000366000000, 0x0000000366400000|  0%| F|  |TAMS 0x0000000366000000| PB 0x0000000366000000| Untracked 
| 407|0x0000000366400000, 0x0000000366400000, 0x0000000366800000|  0%| F|  |TAMS 0x0000000366400000| PB 0x0000000366400000| Untracked 
| 408|0x0000000366800000, 0x0000000366800000, 0x0000000366c00000|  0%| F|  |TAMS 0x0000000366800000| PB 0x0000000366800000| Untracked 
| 409|0x0000000366c00000, 0x0000000366c00000, 0x0000000367000000|  0%| F|  |TAMS 0x0000000366c00000| PB 0x0000000366c00000| Untracked 
| 410|0x0000000367000000, 0x0000000367000000, 0x0000000367400000|  0%| F|  |TAMS 0x0000000367000000| PB 0x0000000367000000| Untracked 
| 411|0x0000000367400000, 0x0000000367400000, 0x0000000367800000|  0%| F|  |TAMS 0x0000000367400000| PB 0x0000000367400000| Untracked 
| 412|0x0000000367800000, 0x0000000367800000, 0x0000000367c00000|  0%| F|  |TAMS 0x0000000367800000| PB 0x0000000367800000| Untracked 
| 413|0x0000000367c00000, 0x0000000367c00000, 0x0000000368000000|  0%| F|  |TAMS 0x0000000367c00000| PB 0x0000000367c00000| Untracked 
| 414|0x0000000368000000, 0x0000000368000000, 0x0000000368400000|  0%| F|  |TAMS 0x0000000368000000| PB 0x0000000368000000| Untracked 
| 415|0x0000000368400000, 0x0000000368400000, 0x0000000368800000|  0%| F|  |TAMS 0x0000000368400000| PB 0x0000000368400000| Untracked 
| 416|0x0000000368800000, 0x0000000368800000, 0x0000000368c00000|  0%| F|  |TAMS 0x0000000368800000| PB 0x0000000368800000| Untracked 
| 417|0x0000000368c00000, 0x0000000368c00000, 0x0000000369000000|  0%| F|  |TAMS 0x0000000368c00000| PB 0x0000000368c00000| Untracked 
| 418|0x0000000369000000, 0x0000000369000000, 0x0000000369400000|  0%| F|  |TAMS 0x0000000369000000| PB 0x0000000369000000| Untracked 
| 419|0x0000000369400000, 0x0000000369400000, 0x0000000369800000|  0%| F|  |TAMS 0x0000000369400000| PB 0x0000000369400000| Untracked 
| 420|0x0000000369800000, 0x0000000369800000, 0x0000000369c00000|  0%| F|  |TAMS 0x0000000369800000| PB 0x0000000369800000| Untracked 
| 421|0x0000000369c00000, 0x0000000369c00000, 0x000000036a000000|  0%| F|  |TAMS 0x0000000369c00000| PB 0x0000000369c00000| Untracked 
| 422|0x000000036a000000, 0x000000036a000000, 0x000000036a400000|  0%| F|  |TAMS 0x000000036a000000| PB 0x000000036a000000| Untracked 
| 423|0x000000036a400000, 0x000000036a400000, 0x000000036a800000|  0%| F|  |TAMS 0x000000036a400000| PB 0x000000036a400000| Untracked 
| 424|0x000000036a800000, 0x000000036a800000, 0x000000036ac00000|  0%| F|  |TAMS 0x000000036a800000| PB 0x000000036a800000| Untracked 
| 425|0x000000036ac00000, 0x000000036ac00000, 0x000000036b000000|  0%| F|  |TAMS 0x000000036ac00000| PB 0x000000036ac00000| Untracked 
| 426|0x000000036b000000, 0x000000036b000000, 0x000000036b400000|  0%| F|  |TAMS 0x000000036b000000| PB 0x000000036b000000| Untracked 
| 427|0x000000036b400000, 0x000000036b400000, 0x000000036b800000|  0%| F|  |TAMS 0x000000036b400000| PB 0x000000036b400000| Untracked 
| 428|0x000000036b800000, 0x000000036b800000, 0x000000036bc00000|  0%| F|  |TAMS 0x000000036b800000| PB 0x000000036b800000| Untracked 
| 429|0x000000036bc00000, 0x000000036bc00000, 0x000000036c000000|  0%| F|  |TAMS 0x000000036bc00000| PB 0x000000036bc00000| Untracked 
| 430|0x000000036c000000, 0x000000036c000000, 0x000000036c400000|  0%| F|  |TAMS 0x000000036c000000| PB 0x000000036c000000| Untracked 
| 431|0x000000036c400000, 0x000000036c400000, 0x000000036c800000|  0%| F|  |TAMS 0x000000036c400000| PB 0x000000036c400000| Untracked 
| 432|0x000000036c800000, 0x000000036c800000, 0x000000036cc00000|  0%| F|  |TAMS 0x000000036c800000| PB 0x000000036c800000| Untracked 
| 433|0x000000036cc00000, 0x000000036cc00000, 0x000000036d000000|  0%| F|  |TAMS 0x000000036cc00000| PB 0x000000036cc00000| Untracked 
| 434|0x000000036d000000, 0x000000036d000000, 0x000000036d400000|  0%| F|  |TAMS 0x000000036d000000| PB 0x000000036d000000| Untracked 
| 435|0x000000036d400000, 0x000000036d400000, 0x000000036d800000|  0%| F|  |TAMS 0x000000036d400000| PB 0x000000036d400000| Untracked 
| 436|0x000000036d800000, 0x000000036d800000, 0x000000036dc00000|  0%| F|  |TAMS 0x000000036d800000| PB 0x000000036d800000| Untracked 
| 437|0x000000036dc00000, 0x000000036dc00000, 0x000000036e000000|  0%| F|  |TAMS 0x000000036dc00000| PB 0x000000036dc00000| Untracked 
| 438|0x000000036e000000, 0x000000036e000000, 0x000000036e400000|  0%| F|  |TAMS 0x000000036e000000| PB 0x000000036e000000| Untracked 
| 439|0x000000036e400000, 0x000000036e400000, 0x000000036e800000|  0%| F|  |TAMS 0x000000036e400000| PB 0x000000036e400000| Untracked 
| 440|0x000000036e800000, 0x000000036e800000, 0x000000036ec00000|  0%| F|  |TAMS 0x000000036e800000| PB 0x000000036e800000| Untracked 
| 441|0x000000036ec00000, 0x000000036ec00000, 0x000000036f000000|  0%| F|  |TAMS 0x000000036ec00000| PB 0x000000036ec00000| Untracked 
| 442|0x000000036f000000, 0x000000036f000000, 0x000000036f400000|  0%| F|  |TAMS 0x000000036f000000| PB 0x000000036f000000| Untracked 
| 443|0x000000036f400000, 0x000000036f400000, 0x000000036f800000|  0%| F|  |TAMS 0x000000036f400000| PB 0x000000036f400000| Untracked 
| 444|0x000000036f800000, 0x000000036f800000, 0x000000036fc00000|  0%| F|  |TAMS 0x000000036f800000| PB 0x000000036f800000| Untracked 
| 445|0x000000036fc00000, 0x000000036fc00000, 0x0000000370000000|  0%| F|  |TAMS 0x000000036fc00000| PB 0x000000036fc00000| Untracked 
| 446|0x0000000370000000, 0x0000000370000000, 0x0000000370400000|  0%| F|  |TAMS 0x0000000370000000| PB 0x0000000370000000| Untracked 
| 447|0x0000000370400000, 0x0000000370400000, 0x0000000370800000|  0%| F|  |TAMS 0x0000000370400000| PB 0x0000000370400000| Untracked 
| 448|0x0000000370800000, 0x0000000370800000, 0x0000000370c00000|  0%| F|  |TAMS 0x0000000370800000| PB 0x0000000370800000| Untracked 
| 449|0x0000000370c00000, 0x0000000370c00000, 0x0000000371000000|  0%| F|  |TAMS 0x0000000370c00000| PB 0x0000000370c00000| Untracked 
| 450|0x0000000371000000, 0x0000000371000000, 0x0000000371400000|  0%| F|  |TAMS 0x0000000371000000| PB 0x0000000371000000| Untracked 
| 451|0x0000000371400000, 0x0000000371400000, 0x0000000371800000|  0%| F|  |TAMS 0x0000000371400000| PB 0x0000000371400000| Untracked 
| 452|0x0000000371800000, 0x0000000371800000, 0x0000000371c00000|  0%| F|  |TAMS 0x0000000371800000| PB 0x0000000371800000| Untracked 
| 453|0x0000000371c00000, 0x0000000371c00000, 0x0000000372000000|  0%| F|  |TAMS 0x0000000371c00000| PB 0x0000000371c00000| Untracked 
| 454|0x0000000372000000, 0x0000000372000000, 0x0000000372400000|  0%| F|  |TAMS 0x0000000372000000| PB 0x0000000372000000| Untracked 
| 455|0x0000000372400000, 0x0000000372400000, 0x0000000372800000|  0%| F|  |TAMS 0x0000000372400000| PB 0x0000000372400000| Untracked 
| 456|0x0000000372800000, 0x0000000372800000, 0x0000000372c00000|  0%| F|  |TAMS 0x0000000372800000| PB 0x0000000372800000| Untracked 
| 457|0x0000000372c00000, 0x0000000372c00000, 0x0000000373000000|  0%| F|  |TAMS 0x0000000372c00000| PB 0x0000000372c00000| Untracked 
| 458|0x0000000373000000, 0x0000000373000000, 0x0000000373400000|  0%| F|  |TAMS 0x0000000373000000| PB 0x0000000373000000| Untracked 
| 459|0x0000000373400000, 0x0000000373400000, 0x0000000373800000|  0%| F|  |TAMS 0x0000000373400000| PB 0x0000000373400000| Untracked 
| 460|0x0000000373800000, 0x0000000373800000, 0x0000000373c00000|  0%| F|  |TAMS 0x0000000373800000| PB 0x0000000373800000| Untracked 
| 461|0x0000000373c00000, 0x0000000373c00000, 0x0000000374000000|  0%| F|  |TAMS 0x0000000373c00000| PB 0x0000000373c00000| Untracked 
| 462|0x0000000374000000, 0x0000000374000000, 0x0000000374400000|  0%| F|  |TAMS 0x0000000374000000| PB 0x0000000374000000| Untracked 
| 463|0x0000000374400000, 0x0000000374400000, 0x0000000374800000|  0%| F|  |TAMS 0x0000000374400000| PB 0x0000000374400000| Untracked 
| 464|0x0000000374800000, 0x0000000374800000, 0x0000000374c00000|  0%| F|  |TAMS 0x0000000374800000| PB 0x0000000374800000| Untracked 
| 465|0x0000000374c00000, 0x0000000374c00000, 0x0000000375000000|  0%| F|  |TAMS 0x0000000374c00000| PB 0x0000000374c00000| Untracked 
| 466|0x0000000375000000, 0x0000000375000000, 0x0000000375400000|  0%| F|  |TAMS 0x0000000375000000| PB 0x0000000375000000| Untracked 
| 467|0x0000000375400000, 0x0000000375400000, 0x0000000375800000|  0%| F|  |TAMS 0x0000000375400000| PB 0x0000000375400000| Untracked 
| 468|0x0000000375800000, 0x0000000375800000, 0x0000000375c00000|  0%| F|  |TAMS 0x0000000375800000| PB 0x0000000375800000| Untracked 
| 469|0x0000000375c00000, 0x0000000375c00000, 0x0000000376000000|  0%| F|  |TAMS 0x0000000375c00000| PB 0x0000000375c00000| Untracked 
| 470|0x0000000376000000, 0x0000000376000000, 0x0000000376400000|  0%| F|  |TAMS 0x0000000376000000| PB 0x0000000376000000| Untracked 
| 471|0x0000000376400000, 0x0000000376400000, 0x0000000376800000|  0%| F|  |TAMS 0x0000000376400000| PB 0x0000000376400000| Untracked 
| 472|0x0000000376800000, 0x0000000376800000, 0x0000000376c00000|  0%| F|  |TAMS 0x0000000376800000| PB 0x0000000376800000| Untracked 
| 473|0x0000000376c00000, 0x0000000376c00000, 0x0000000377000000|  0%| F|  |TAMS 0x0000000376c00000| PB 0x0000000376c00000| Untracked 
| 474|0x0000000377000000, 0x0000000377000000, 0x0000000377400000|  0%| F|  |TAMS 0x0000000377000000| PB 0x0000000377000000| Untracked 
| 475|0x0000000377400000, 0x0000000377400000, 0x0000000377800000|  0%| F|  |TAMS 0x0000000377400000| PB 0x0000000377400000| Untracked 
| 476|0x0000000377800000, 0x0000000377800000, 0x0000000377c00000|  0%| F|  |TAMS 0x0000000377800000| PB 0x0000000377800000| Untracked 
| 477|0x0000000377c00000, 0x0000000377c00000, 0x0000000378000000|  0%| F|  |TAMS 0x0000000377c00000| PB 0x0000000377c00000| Untracked 
| 478|0x0000000378000000, 0x0000000378000000, 0x0000000378400000|  0%| F|  |TAMS 0x0000000378000000| PB 0x0000000378000000| Untracked 
| 479|0x0000000378400000, 0x0000000378400000, 0x0000000378800000|  0%| F|  |TAMS 0x0000000378400000| PB 0x0000000378400000| Untracked 
| 480|0x0000000378800000, 0x0000000378800000, 0x0000000378c00000|  0%| F|  |TAMS 0x0000000378800000| PB 0x0000000378800000| Untracked 
| 481|0x0000000378c00000, 0x0000000378c00000, 0x0000000379000000|  0%| F|  |TAMS 0x0000000378c00000| PB 0x0000000378c00000| Untracked 
| 482|0x0000000379000000, 0x0000000379000000, 0x0000000379400000|  0%| F|  |TAMS 0x0000000379000000| PB 0x0000000379000000| Untracked 
| 483|0x0000000379400000, 0x0000000379400000, 0x0000000379800000|  0%| F|  |TAMS 0x0000000379400000| PB 0x0000000379400000| Untracked 
| 484|0x0000000379800000, 0x0000000379800000, 0x0000000379c00000|  0%| F|  |TAMS 0x0000000379800000| PB 0x0000000379800000| Untracked 
| 485|0x0000000379c00000, 0x0000000379c00000, 0x000000037a000000|  0%| F|  |TAMS 0x0000000379c00000| PB 0x0000000379c00000| Untracked 
| 486|0x000000037a000000, 0x000000037a000000, 0x000000037a400000|  0%| F|  |TAMS 0x000000037a000000| PB 0x000000037a000000| Untracked 
| 487|0x000000037a400000, 0x000000037a400000, 0x000000037a800000|  0%| F|  |TAMS 0x000000037a400000| PB 0x000000037a400000| Untracked 
| 488|0x000000037a800000, 0x000000037a800000, 0x000000037ac00000|  0%| F|  |TAMS 0x000000037a800000| PB 0x000000037a800000| Untracked 
| 489|0x000000037ac00000, 0x000000037ac00000, 0x000000037b000000|  0%| F|  |TAMS 0x000000037ac00000| PB 0x000000037ac00000| Untracked 
| 490|0x000000037b000000, 0x000000037b000000, 0x000000037b400000|  0%| F|  |TAMS 0x000000037b000000| PB 0x000000037b000000| Untracked 
| 491|0x000000037b400000, 0x000000037b400000, 0x000000037b800000|  0%| F|  |TAMS 0x000000037b400000| PB 0x000000037b400000| Untracked 
| 492|0x000000037b800000, 0x000000037b800000, 0x000000037bc00000|  0%| F|  |TAMS 0x000000037b800000| PB 0x000000037b800000| Untracked 
| 493|0x000000037bc00000, 0x000000037bc00000, 0x000000037c000000|  0%| F|  |TAMS 0x000000037bc00000| PB 0x000000037bc00000| Untracked 
| 494|0x000000037c000000, 0x000000037c000000, 0x000000037c400000|  0%| F|  |TAMS 0x000000037c000000| PB 0x000000037c000000| Untracked 
| 495|0x000000037c400000, 0x000000037c400000, 0x000000037c800000|  0%| F|  |TAMS 0x000000037c400000| PB 0x000000037c400000| Untracked 
| 496|0x000000037c800000, 0x000000037c800000, 0x000000037cc00000|  0%| F|  |TAMS 0x000000037c800000| PB 0x000000037c800000| Untracked 
| 497|0x000000037cc00000, 0x000000037cc00000, 0x000000037d000000|  0%| F|  |TAMS 0x000000037cc00000| PB 0x000000037cc00000| Untracked 
| 498|0x000000037d000000, 0x000000037d000000, 0x000000037d400000|  0%| F|  |TAMS 0x000000037d000000| PB 0x000000037d000000| Untracked 
| 499|0x000000037d400000, 0x000000037d400000, 0x000000037d800000|  0%| F|  |TAMS 0x000000037d400000| PB 0x000000037d400000| Untracked 
| 500|0x000000037d800000, 0x000000037d800000, 0x000000037dc00000|  0%| F|  |TAMS 0x000000037d800000| PB 0x000000037d800000| Untracked 
| 501|0x000000037dc00000, 0x000000037dc00000, 0x000000037e000000|  0%| F|  |TAMS 0x000000037dc00000| PB 0x000000037dc00000| Untracked 
| 502|0x000000037e000000, 0x000000037e000000, 0x000000037e400000|  0%| F|  |TAMS 0x000000037e000000| PB 0x000000037e000000| Untracked 
| 503|0x000000037e400000, 0x000000037e400000, 0x000000037e800000|  0%| F|  |TAMS 0x000000037e400000| PB 0x000000037e400000| Untracked 
| 504|0x000000037e800000, 0x000000037e800000, 0x000000037ec00000|  0%| F|  |TAMS 0x000000037e800000| PB 0x000000037e800000| Untracked 
| 505|0x000000037ec00000, 0x000000037ec00000, 0x000000037f000000|  0%| F|  |TAMS 0x000000037ec00000| PB 0x000000037ec00000| Untracked 
| 506|0x000000037f000000, 0x000000037f000000, 0x000000037f400000|  0%| F|  |TAMS 0x000000037f000000| PB 0x000000037f000000| Untracked 
| 507|0x000000037f400000, 0x000000037f400000, 0x000000037f800000|  0%| F|  |TAMS 0x000000037f400000| PB 0x000000037f400000| Untracked 
| 508|0x000000037f800000, 0x000000037f800000, 0x000000037fc00000|  0%| F|  |TAMS 0x000000037f800000| PB 0x000000037f800000| Untracked 
| 509|0x000000037fc00000, 0x000000037fc00000, 0x0000000380000000|  0%| F|  |TAMS 0x000000037fc00000| PB 0x000000037fc00000| Untracked 
| 510|0x0000000380000000, 0x0000000380000000, 0x0000000380400000|  0%| F|  |TAMS 0x0000000380000000| PB 0x0000000380000000| Untracked 
| 511|0x0000000380400000, 0x0000000380400000, 0x0000000380800000|  0%| F|  |TAMS 0x0000000380400000| PB 0x0000000380400000| Untracked 
| 512|0x0000000380800000, 0x0000000380800000, 0x0000000380c00000|  0%| F|  |TAMS 0x0000000380800000| PB 0x0000000380800000| Untracked 
| 513|0x0000000380c00000, 0x0000000380c00000, 0x0000000381000000|  0%| F|  |TAMS 0x0000000380c00000| PB 0x0000000380c00000| Untracked 
| 514|0x0000000381000000, 0x0000000381000000, 0x0000000381400000|  0%| F|  |TAMS 0x0000000381000000| PB 0x0000000381000000| Untracked 
| 515|0x0000000381400000, 0x0000000381400000, 0x0000000381800000|  0%| F|  |TAMS 0x0000000381400000| PB 0x0000000381400000| Untracked 
| 516|0x0000000381800000, 0x0000000381800000, 0x0000000381c00000|  0%| F|  |TAMS 0x0000000381800000| PB 0x0000000381800000| Untracked 
| 517|0x0000000381c00000, 0x0000000381c00000, 0x0000000382000000|  0%| F|  |TAMS 0x0000000381c00000| PB 0x0000000381c00000| Untracked 
| 518|0x0000000382000000, 0x0000000382000000, 0x0000000382400000|  0%| F|  |TAMS 0x0000000382000000| PB 0x0000000382000000| Untracked 
| 519|0x0000000382400000, 0x0000000382400000, 0x0000000382800000|  0%| F|  |TAMS 0x0000000382400000| PB 0x0000000382400000| Untracked 
| 520|0x0000000382800000, 0x0000000382800000, 0x0000000382c00000|  0%| F|  |TAMS 0x0000000382800000| PB 0x0000000382800000| Untracked 
| 521|0x0000000382c00000, 0x0000000382c00000, 0x0000000383000000|  0%| F|  |TAMS 0x0000000382c00000| PB 0x0000000382c00000| Untracked 
| 522|0x0000000383000000, 0x0000000383000000, 0x0000000383400000|  0%| F|  |TAMS 0x0000000383000000| PB 0x0000000383000000| Untracked 
| 523|0x0000000383400000, 0x0000000383400000, 0x0000000383800000|  0%| F|  |TAMS 0x0000000383400000| PB 0x0000000383400000| Untracked 
| 524|0x0000000383800000, 0x0000000383800000, 0x0000000383c00000|  0%| F|  |TAMS 0x0000000383800000| PB 0x0000000383800000| Untracked 
| 525|0x0000000383c00000, 0x0000000383c00000, 0x0000000384000000|  0%| F|  |TAMS 0x0000000383c00000| PB 0x0000000383c00000| Untracked 
| 526|0x0000000384000000, 0x0000000384000000, 0x0000000384400000|  0%| F|  |TAMS 0x0000000384000000| PB 0x0000000384000000| Untracked 
| 527|0x0000000384400000, 0x0000000384400000, 0x0000000384800000|  0%| F|  |TAMS 0x0000000384400000| PB 0x0000000384400000| Untracked 
| 528|0x0000000384800000, 0x0000000384800000, 0x0000000384c00000|  0%| F|  |TAMS 0x0000000384800000| PB 0x0000000384800000| Untracked 
| 529|0x0000000384c00000, 0x0000000384c00000, 0x0000000385000000|  0%| F|  |TAMS 0x0000000384c00000| PB 0x0000000384c00000| Untracked 
| 530|0x0000000385000000, 0x0000000385000000, 0x0000000385400000|  0%| F|  |TAMS 0x0000000385000000| PB 0x0000000385000000| Untracked 
| 531|0x0000000385400000, 0x0000000385400000, 0x0000000385800000|  0%| F|  |TAMS 0x0000000385400000| PB 0x0000000385400000| Untracked 
| 532|0x0000000385800000, 0x0000000385800000, 0x0000000385c00000|  0%| F|  |TAMS 0x0000000385800000| PB 0x0000000385800000| Untracked 
| 533|0x0000000385c00000, 0x0000000385c00000, 0x0000000386000000|  0%| F|  |TAMS 0x0000000385c00000| PB 0x0000000385c00000| Untracked 
| 534|0x0000000386000000, 0x0000000386000000, 0x0000000386400000|  0%| F|  |TAMS 0x0000000386000000| PB 0x0000000386000000| Untracked 
| 535|0x0000000386400000, 0x0000000386400000, 0x0000000386800000|  0%| F|  |TAMS 0x0000000386400000| PB 0x0000000386400000| Untracked 
| 536|0x0000000386800000, 0x0000000386800000, 0x0000000386c00000|  0%| F|  |TAMS 0x0000000386800000| PB 0x0000000386800000| Untracked 
| 537|0x0000000386c00000, 0x0000000386c00000, 0x0000000387000000|  0%| F|  |TAMS 0x0000000386c00000| PB 0x0000000386c00000| Untracked 
| 538|0x0000000387000000, 0x0000000387000000, 0x0000000387400000|  0%| F|  |TAMS 0x0000000387000000| PB 0x0000000387000000| Untracked 
| 539|0x0000000387400000, 0x0000000387400000, 0x0000000387800000|  0%| F|  |TAMS 0x0000000387400000| PB 0x0000000387400000| Untracked 
| 540|0x0000000387800000, 0x0000000387800000, 0x0000000387c00000|  0%| F|  |TAMS 0x0000000387800000| PB 0x0000000387800000| Untracked 
| 541|0x0000000387c00000, 0x0000000387c00000, 0x0000000388000000|  0%| F|  |TAMS 0x0000000387c00000| PB 0x0000000387c00000| Untracked 
| 542|0x0000000388000000, 0x0000000388000000, 0x0000000388400000|  0%| F|  |TAMS 0x0000000388000000| PB 0x0000000388000000| Untracked 
| 543|0x0000000388400000, 0x0000000388400000, 0x0000000388800000|  0%| F|  |TAMS 0x0000000388400000| PB 0x0000000388400000| Untracked 
| 544|0x0000000388800000, 0x0000000388800000, 0x0000000388c00000|  0%| F|  |TAMS 0x0000000388800000| PB 0x0000000388800000| Untracked 
| 545|0x0000000388c00000, 0x0000000388c00000, 0x0000000389000000|  0%| F|  |TAMS 0x0000000388c00000| PB 0x0000000388c00000| Untracked 
| 546|0x0000000389000000, 0x0000000389000000, 0x0000000389400000|  0%| F|  |TAMS 0x0000000389000000| PB 0x0000000389000000| Untracked 
| 547|0x0000000389400000, 0x0000000389400000, 0x0000000389800000|  0%| F|  |TAMS 0x0000000389400000| PB 0x0000000389400000| Untracked 
| 548|0x0000000389800000, 0x0000000389800000, 0x0000000389c00000|  0%| F|  |TAMS 0x0000000389800000| PB 0x0000000389800000| Untracked 
| 549|0x0000000389c00000, 0x0000000389c00000, 0x000000038a000000|  0%| F|  |TAMS 0x0000000389c00000| PB 0x0000000389c00000| Untracked 
| 550|0x000000038a000000, 0x000000038a000000, 0x000000038a400000|  0%| F|  |TAMS 0x000000038a000000| PB 0x000000038a000000| Untracked 
| 551|0x000000038a400000, 0x000000038a400000, 0x000000038a800000|  0%| F|  |TAMS 0x000000038a400000| PB 0x000000038a400000| Untracked 
| 552|0x000000038a800000, 0x000000038a800000, 0x000000038ac00000|  0%| F|  |TAMS 0x000000038a800000| PB 0x000000038a800000| Untracked 
| 553|0x000000038ac00000, 0x000000038ac00000, 0x000000038b000000|  0%| F|  |TAMS 0x000000038ac00000| PB 0x000000038ac00000| Untracked 
| 554|0x000000038b000000, 0x000000038b000000, 0x000000038b400000|  0%| F|  |TAMS 0x000000038b000000| PB 0x000000038b000000| Untracked 
| 555|0x000000038b400000, 0x000000038b400000, 0x000000038b800000|  0%| F|  |TAMS 0x000000038b400000| PB 0x000000038b400000| Untracked 
| 556|0x000000038b800000, 0x000000038b800000, 0x000000038bc00000|  0%| F|  |TAMS 0x000000038b800000| PB 0x000000038b800000| Untracked 
| 557|0x000000038bc00000, 0x000000038bc00000, 0x000000038c000000|  0%| F|  |TAMS 0x000000038bc00000| PB 0x000000038bc00000| Untracked 
| 558|0x000000038c000000, 0x000000038c000000, 0x000000038c400000|  0%| F|  |TAMS 0x000000038c000000| PB 0x000000038c000000| Untracked 
| 559|0x000000038c400000, 0x000000038c400000, 0x000000038c800000|  0%| F|  |TAMS 0x000000038c400000| PB 0x000000038c400000| Untracked 
| 560|0x000000038c800000, 0x000000038c800000, 0x000000038cc00000|  0%| F|  |TAMS 0x000000038c800000| PB 0x000000038c800000| Untracked 
| 561|0x000000038cc00000, 0x000000038cc00000, 0x000000038d000000|  0%| F|  |TAMS 0x000000038cc00000| PB 0x000000038cc00000| Untracked 
| 562|0x000000038d000000, 0x000000038d000000, 0x000000038d400000|  0%| F|  |TAMS 0x000000038d000000| PB 0x000000038d000000| Untracked 
| 563|0x000000038d400000, 0x000000038d400000, 0x000000038d800000|  0%| F|  |TAMS 0x000000038d400000| PB 0x000000038d400000| Untracked 
| 564|0x000000038d800000, 0x000000038d800000, 0x000000038dc00000|  0%| F|  |TAMS 0x000000038d800000| PB 0x000000038d800000| Untracked 
| 565|0x000000038dc00000, 0x000000038dc00000, 0x000000038e000000|  0%| F|  |TAMS 0x000000038dc00000| PB 0x000000038dc00000| Untracked 
| 566|0x000000038e000000, 0x000000038e000000, 0x000000038e400000|  0%| F|  |TAMS 0x000000038e000000| PB 0x000000038e000000| Untracked 
| 567|0x000000038e400000, 0x000000038e400000, 0x000000038e800000|  0%| F|  |TAMS 0x000000038e400000| PB 0x000000038e400000| Untracked 
| 568|0x000000038e800000, 0x000000038e800000, 0x000000038ec00000|  0%| F|  |TAMS 0x000000038e800000| PB 0x000000038e800000| Untracked 
| 569|0x000000038ec00000, 0x000000038ec00000, 0x000000038f000000|  0%| F|  |TAMS 0x000000038ec00000| PB 0x000000038ec00000| Untracked 
| 570|0x000000038f000000, 0x000000038f000000, 0x000000038f400000|  0%| F|  |TAMS 0x000000038f000000| PB 0x000000038f000000| Untracked 
| 571|0x000000038f400000, 0x000000038f400000, 0x000000038f800000|  0%| F|  |TAMS 0x000000038f400000| PB 0x000000038f400000| Untracked 
| 572|0x000000038f800000, 0x000000038f800000, 0x000000038fc00000|  0%| F|  |TAMS 0x000000038f800000| PB 0x000000038f800000| Untracked 
| 573|0x000000038fc00000, 0x000000038fc00000, 0x0000000390000000|  0%| F|  |TAMS 0x000000038fc00000| PB 0x000000038fc00000| Untracked 
| 574|0x0000000390000000, 0x0000000390000000, 0x0000000390400000|  0%| F|  |TAMS 0x0000000390000000| PB 0x0000000390000000| Untracked 
| 575|0x0000000390400000, 0x0000000390400000, 0x0000000390800000|  0%| F|  |TAMS 0x0000000390400000| PB 0x0000000390400000| Untracked 
| 576|0x0000000390800000, 0x0000000390800000, 0x0000000390c00000|  0%| F|  |TAMS 0x0000000390800000| PB 0x0000000390800000| Untracked 
| 577|0x0000000390c00000, 0x0000000390c00000, 0x0000000391000000|  0%| F|  |TAMS 0x0000000390c00000| PB 0x0000000390c00000| Untracked 
| 578|0x0000000391000000, 0x0000000391000000, 0x0000000391400000|  0%| F|  |TAMS 0x0000000391000000| PB 0x0000000391000000| Untracked 
| 579|0x0000000391400000, 0x0000000391400000, 0x0000000391800000|  0%| F|  |TAMS 0x0000000391400000| PB 0x0000000391400000| Untracked 
| 580|0x0000000391800000, 0x0000000391800000, 0x0000000391c00000|  0%| F|  |TAMS 0x0000000391800000| PB 0x0000000391800000| Untracked 
| 581|0x0000000391c00000, 0x0000000391c00000, 0x0000000392000000|  0%| F|  |TAMS 0x0000000391c00000| PB 0x0000000391c00000| Untracked 
| 582|0x0000000392000000, 0x0000000392000000, 0x0000000392400000|  0%| F|  |TAMS 0x0000000392000000| PB 0x0000000392000000| Untracked 
| 583|0x0000000392400000, 0x0000000392400000, 0x0000000392800000|  0%| F|  |TAMS 0x0000000392400000| PB 0x0000000392400000| Untracked 
| 584|0x0000000392800000, 0x0000000392800000, 0x0000000392c00000|  0%| F|  |TAMS 0x0000000392800000| PB 0x0000000392800000| Untracked 
| 585|0x0000000392c00000, 0x0000000392c00000, 0x0000000393000000|  0%| F|  |TAMS 0x0000000392c00000| PB 0x0000000392c00000| Untracked 
| 586|0x0000000393000000, 0x0000000393000000, 0x0000000393400000|  0%| F|  |TAMS 0x0000000393000000| PB 0x0000000393000000| Untracked 
| 587|0x0000000393400000, 0x0000000393400000, 0x0000000393800000|  0%| F|  |TAMS 0x0000000393400000| PB 0x0000000393400000| Untracked 
| 588|0x0000000393800000, 0x0000000393800000, 0x0000000393c00000|  0%| F|  |TAMS 0x0000000393800000| PB 0x0000000393800000| Untracked 
| 589|0x0000000393c00000, 0x0000000393c00000, 0x0000000394000000|  0%| F|  |TAMS 0x0000000393c00000| PB 0x0000000393c00000| Untracked 
| 590|0x0000000394000000, 0x0000000394000000, 0x0000000394400000|  0%| F|  |TAMS 0x0000000394000000| PB 0x0000000394000000| Untracked 
| 591|0x0000000394400000, 0x0000000394400000, 0x0000000394800000|  0%| F|  |TAMS 0x0000000394400000| PB 0x0000000394400000| Untracked 
| 592|0x0000000394800000, 0x0000000394800000, 0x0000000394c00000|  0%| F|  |TAMS 0x0000000394800000| PB 0x0000000394800000| Untracked 
| 593|0x0000000394c00000, 0x0000000394c00000, 0x0000000395000000|  0%| F|  |TAMS 0x0000000394c00000| PB 0x0000000394c00000| Untracked 
| 594|0x0000000395000000, 0x00000003951876c8, 0x0000000395400000| 38%| S|CS|TAMS 0x0000000395000000| PB 0x0000000395000000| Complete 
| 595|0x0000000395400000, 0x0000000395800000, 0x0000000395800000|100%| S|CS|TAMS 0x0000000395400000| PB 0x0000000395400000| Complete 
| 596|0x0000000395800000, 0x0000000395c00000, 0x0000000395c00000|100%| S|CS|TAMS 0x0000000395800000| PB 0x0000000395800000| Complete 
| 597|0x0000000395c00000, 0x0000000396000000, 0x0000000396000000|100%| S|CS|TAMS 0x0000000395c00000| PB 0x0000000395c00000| Complete 
| 598|0x0000000396000000, 0x0000000396400000, 0x0000000396400000|100%| S|CS|TAMS 0x0000000396000000| PB 0x0000000396000000| Complete 
| 599|0x0000000396400000, 0x0000000396800000, 0x0000000396800000|100%| S|CS|TAMS 0x0000000396400000| PB 0x0000000396400000| Complete 
| 600|0x0000000396800000, 0x0000000396c00000, 0x0000000396c00000|100%| S|CS|TAMS 0x0000000396800000| PB 0x0000000396800000| Complete 
| 601|0x0000000396c00000, 0x0000000397000000, 0x0000000397000000|100%| S|CS|TAMS 0x0000000396c00000| PB 0x0000000396c00000| Complete 
| 602|0x0000000397000000, 0x0000000397400000, 0x0000000397400000|100%| S|CS|TAMS 0x0000000397000000| PB 0x0000000397000000| Complete 
| 603|0x0000000397400000, 0x0000000397800000, 0x0000000397800000|100%| S|CS|TAMS 0x0000000397400000| PB 0x0000000397400000| Complete 
| 604|0x0000000397800000, 0x0000000397c00000, 0x0000000397c00000|100%| S|CS|TAMS 0x0000000397800000| PB 0x0000000397800000| Complete 
| 605|0x0000000397c00000, 0x0000000398000000, 0x0000000398000000|100%| S|CS|TAMS 0x0000000397c00000| PB 0x0000000397c00000| Complete 
| 606|0x0000000398000000, 0x0000000398400000, 0x0000000398400000|100%| S|CS|TAMS 0x0000000398000000| PB 0x0000000398000000| Complete 
| 607|0x0000000398400000, 0x0000000398800000, 0x0000000398800000|100%| S|CS|TAMS 0x0000000398400000| PB 0x0000000398400000| Complete 
| 608|0x0000000398800000, 0x0000000398c00000, 0x0000000398c00000|100%| S|CS|TAMS 0x0000000398800000| PB 0x0000000398800000| Complete 
| 609|0x0000000398c00000, 0x0000000399000000, 0x0000000399000000|100%| S|CS|TAMS 0x0000000398c00000| PB 0x0000000398c00000| Complete 
| 610|0x0000000399000000, 0x0000000399400000, 0x0000000399400000|100%| S|CS|TAMS 0x0000000399000000| PB 0x0000000399000000| Complete 
| 611|0x0000000399400000, 0x0000000399800000, 0x0000000399800000|100%| S|CS|TAMS 0x0000000399400000| PB 0x0000000399400000| Complete 
| 612|0x0000000399800000, 0x0000000399c00000, 0x0000000399c00000|100%| S|CS|TAMS 0x0000000399800000| PB 0x0000000399800000| Complete 
| 613|0x0000000399c00000, 0x000000039a000000, 0x000000039a000000|100%| S|CS|TAMS 0x0000000399c00000| PB 0x0000000399c00000| Complete 
| 614|0x000000039a000000, 0x000000039a400000, 0x000000039a400000|100%| S|CS|TAMS 0x000000039a000000| PB 0x000000039a000000| Complete 
| 615|0x000000039a400000, 0x000000039a800000, 0x000000039a800000|100%| S|CS|TAMS 0x000000039a400000| PB 0x000000039a400000| Complete 
| 616|0x000000039a800000, 0x000000039ac00000, 0x000000039ac00000|100%| S|CS|TAMS 0x000000039a800000| PB 0x000000039a800000| Complete 
| 617|0x000000039ac00000, 0x000000039b000000, 0x000000039b000000|100%| S|CS|TAMS 0x000000039ac00000| PB 0x000000039ac00000| Complete 
| 618|0x000000039b000000, 0x000000039b400000, 0x000000039b400000|100%| S|CS|TAMS 0x000000039b000000| PB 0x000000039b000000| Complete 
| 619|0x000000039b400000, 0x000000039b400000, 0x000000039b800000|  0%| F|  |TAMS 0x000000039b400000| PB 0x000000039b400000| Untracked 
| 620|0x000000039b800000, 0x000000039b800000, 0x000000039bc00000|  0%| F|  |TAMS 0x000000039b800000| PB 0x000000039b800000| Untracked 
| 621|0x000000039bc00000, 0x000000039bc00000, 0x000000039c000000|  0%| F|  |TAMS 0x000000039bc00000| PB 0x000000039bc00000| Untracked 
| 622|0x000000039c000000, 0x000000039c000000, 0x000000039c400000|  0%| F|  |TAMS 0x000000039c000000| PB 0x000000039c000000| Untracked 
| 623|0x000000039c400000, 0x000000039c400000, 0x000000039c800000|  0%| F|  |TAMS 0x000000039c400000| PB 0x000000039c400000| Untracked 
| 624|0x000000039c800000, 0x000000039c800000, 0x000000039cc00000|  0%| F|  |TAMS 0x000000039c800000| PB 0x000000039c800000| Untracked 
| 625|0x000000039cc00000, 0x000000039cc00000, 0x000000039d000000|  0%| F|  |TAMS 0x000000039cc00000| PB 0x000000039cc00000| Untracked 
| 626|0x000000039d000000, 0x000000039d000000, 0x000000039d400000|  0%| F|  |TAMS 0x000000039d000000| PB 0x000000039d000000| Untracked 
| 627|0x000000039d400000, 0x000000039d400000, 0x000000039d800000|  0%| F|  |TAMS 0x000000039d400000| PB 0x000000039d400000| Untracked 
| 628|0x000000039d800000, 0x000000039d800000, 0x000000039dc00000|  0%| F|  |TAMS 0x000000039d800000| PB 0x000000039d800000| Untracked 
| 629|0x000000039dc00000, 0x000000039dc00000, 0x000000039e000000|  0%| F|  |TAMS 0x000000039dc00000| PB 0x000000039dc00000| Untracked 
| 630|0x000000039e000000, 0x000000039e000000, 0x000000039e400000|  0%| F|  |TAMS 0x000000039e000000| PB 0x000000039e000000| Untracked 
| 631|0x000000039e400000, 0x000000039e400000, 0x000000039e800000|  0%| F|  |TAMS 0x000000039e400000| PB 0x000000039e400000| Untracked 
| 632|0x000000039e800000, 0x000000039e800000, 0x000000039ec00000|  0%| F|  |TAMS 0x000000039e800000| PB 0x000000039e800000| Untracked 
| 633|0x000000039ec00000, 0x000000039ec00000, 0x000000039f000000|  0%| F|  |TAMS 0x000000039ec00000| PB 0x000000039ec00000| Untracked 
| 634|0x000000039f000000, 0x000000039f000000, 0x000000039f400000|  0%| F|  |TAMS 0x000000039f000000| PB 0x000000039f000000| Untracked 
| 635|0x000000039f400000, 0x000000039f400000, 0x000000039f800000|  0%| F|  |TAMS 0x000000039f400000| PB 0x000000039f400000| Untracked 
| 636|0x000000039f800000, 0x000000039f800000, 0x000000039fc00000|  0%| F|  |TAMS 0x000000039f800000| PB 0x000000039f800000| Untracked 
| 637|0x000000039fc00000, 0x000000039fc00000, 0x00000003a0000000|  0%| F|  |TAMS 0x000000039fc00000| PB 0x000000039fc00000| Untracked 
| 638|0x00000003a0000000, 0x00000003a0000000, 0x00000003a0400000|  0%| F|  |TAMS 0x00000003a0000000| PB 0x00000003a0000000| Untracked 
| 639|0x00000003a0400000, 0x00000003a0400000, 0x00000003a0800000|  0%| F|  |TAMS 0x00000003a0400000| PB 0x00000003a0400000| Untracked 
| 640|0x00000003a0800000, 0x00000003a0800000, 0x00000003a0c00000|  0%| F|  |TAMS 0x00000003a0800000| PB 0x00000003a0800000| Untracked 
| 641|0x00000003a0c00000, 0x00000003a0c00000, 0x00000003a1000000|  0%| F|  |TAMS 0x00000003a0c00000| PB 0x00000003a0c00000| Untracked 
| 642|0x00000003a1000000, 0x00000003a1000000, 0x00000003a1400000|  0%| F|  |TAMS 0x00000003a1000000| PB 0x00000003a1000000| Untracked 
| 643|0x00000003a1400000, 0x00000003a1400000, 0x00000003a1800000|  0%| F|  |TAMS 0x00000003a1400000| PB 0x00000003a1400000| Untracked 
| 644|0x00000003a1800000, 0x00000003a1800000, 0x00000003a1c00000|  0%| F|  |TAMS 0x00000003a1800000| PB 0x00000003a1800000| Untracked 
| 645|0x00000003a1c00000, 0x00000003a1c00000, 0x00000003a2000000|  0%| F|  |TAMS 0x00000003a1c00000| PB 0x00000003a1c00000| Untracked 
| 646|0x00000003a2000000, 0x00000003a2000000, 0x00000003a2400000|  0%| F|  |TAMS 0x00000003a2000000| PB 0x00000003a2000000| Untracked 
| 647|0x00000003a2400000, 0x00000003a2400000, 0x00000003a2800000|  0%| F|  |TAMS 0x00000003a2400000| PB 0x00000003a2400000| Untracked 
| 648|0x00000003a2800000, 0x00000003a2800000, 0x00000003a2c00000|  0%| F|  |TAMS 0x00000003a2800000| PB 0x00000003a2800000| Untracked 
| 649|0x00000003a2c00000, 0x00000003a2c00000, 0x00000003a3000000|  0%| F|  |TAMS 0x00000003a2c00000| PB 0x00000003a2c00000| Untracked 
| 650|0x00000003a3000000, 0x00000003a3000000, 0x00000003a3400000|  0%| F|  |TAMS 0x00000003a3000000| PB 0x00000003a3000000| Untracked 
| 651|0x00000003a3400000, 0x00000003a3400000, 0x00000003a3800000|  0%| F|  |TAMS 0x00000003a3400000| PB 0x00000003a3400000| Untracked 
| 652|0x00000003a3800000, 0x00000003a3800000, 0x00000003a3c00000|  0%| F|  |TAMS 0x00000003a3800000| PB 0x00000003a3800000| Untracked 
| 653|0x00000003a3c00000, 0x00000003a3c00000, 0x00000003a4000000|  0%| F|  |TAMS 0x00000003a3c00000| PB 0x00000003a3c00000| Untracked 
| 654|0x00000003a4000000, 0x00000003a4000000, 0x00000003a4400000|  0%| F|  |TAMS 0x00000003a4000000| PB 0x00000003a4000000| Untracked 
| 655|0x00000003a4400000, 0x00000003a4400000, 0x00000003a4800000|  0%| F|  |TAMS 0x00000003a4400000| PB 0x00000003a4400000| Untracked 
| 656|0x00000003a4800000, 0x00000003a4800000, 0x00000003a4c00000|  0%| F|  |TAMS 0x00000003a4800000| PB 0x00000003a4800000| Untracked 
| 657|0x00000003a4c00000, 0x00000003a4c00000, 0x00000003a5000000|  0%| F|  |TAMS 0x00000003a4c00000| PB 0x00000003a4c00000| Untracked 
| 658|0x00000003a5000000, 0x00000003a5000000, 0x00000003a5400000|  0%| F|  |TAMS 0x00000003a5000000| PB 0x00000003a5000000| Untracked 
| 659|0x00000003a5400000, 0x00000003a5400000, 0x00000003a5800000|  0%| F|  |TAMS 0x00000003a5400000| PB 0x00000003a5400000| Untracked 
| 660|0x00000003a5800000, 0x00000003a5800000, 0x00000003a5c00000|  0%| F|  |TAMS 0x00000003a5800000| PB 0x00000003a5800000| Untracked 
| 661|0x00000003a5c00000, 0x00000003a5c00000, 0x00000003a6000000|  0%| F|  |TAMS 0x00000003a5c00000| PB 0x00000003a5c00000| Untracked 
| 662|0x00000003a6000000, 0x00000003a6000000, 0x00000003a6400000|  0%| F|  |TAMS 0x00000003a6000000| PB 0x00000003a6000000| Untracked 
| 663|0x00000003a6400000, 0x00000003a6400000, 0x00000003a6800000|  0%| F|  |TAMS 0x00000003a6400000| PB 0x00000003a6400000| Untracked 
| 664|0x00000003a6800000, 0x00000003a6800000, 0x00000003a6c00000|  0%| F|  |TAMS 0x00000003a6800000| PB 0x00000003a6800000| Untracked 
| 665|0x00000003a6c00000, 0x00000003a6c00000, 0x00000003a7000000|  0%| F|  |TAMS 0x00000003a6c00000| PB 0x00000003a6c00000| Untracked 
| 666|0x00000003a7000000, 0x00000003a7000000, 0x00000003a7400000|  0%| F|  |TAMS 0x00000003a7000000| PB 0x00000003a7000000| Untracked 
| 667|0x00000003a7400000, 0x00000003a7400000, 0x00000003a7800000|  0%| F|  |TAMS 0x00000003a7400000| PB 0x00000003a7400000| Untracked 
| 668|0x00000003a7800000, 0x00000003a7800000, 0x00000003a7c00000|  0%| F|  |TAMS 0x00000003a7800000| PB 0x00000003a7800000| Untracked 
| 669|0x00000003a7c00000, 0x00000003a7c00000, 0x00000003a8000000|  0%| F|  |TAMS 0x00000003a7c00000| PB 0x00000003a7c00000| Untracked 
| 670|0x00000003a8000000, 0x00000003a8000000, 0x00000003a8400000|  0%| F|  |TAMS 0x00000003a8000000| PB 0x00000003a8000000| Untracked 
| 671|0x00000003a8400000, 0x00000003a8400000, 0x00000003a8800000|  0%| F|  |TAMS 0x00000003a8400000| PB 0x00000003a8400000| Untracked 
| 672|0x00000003a8800000, 0x00000003a8800000, 0x00000003a8c00000|  0%| F|  |TAMS 0x00000003a8800000| PB 0x00000003a8800000| Untracked 
| 673|0x00000003a8c00000, 0x00000003a8c00000, 0x00000003a9000000|  0%| F|  |TAMS 0x00000003a8c00000| PB 0x00000003a8c00000| Untracked 
| 674|0x00000003a9000000, 0x00000003a9000000, 0x00000003a9400000|  0%| F|  |TAMS 0x00000003a9000000| PB 0x00000003a9000000| Untracked 
| 675|0x00000003a9400000, 0x00000003a9400000, 0x00000003a9800000|  0%| F|  |TAMS 0x00000003a9400000| PB 0x00000003a9400000| Untracked 
| 676|0x00000003a9800000, 0x00000003a9800000, 0x00000003a9c00000|  0%| F|  |TAMS 0x00000003a9800000| PB 0x00000003a9800000| Untracked 
| 677|0x00000003a9c00000, 0x00000003a9c00000, 0x00000003aa000000|  0%| F|  |TAMS 0x00000003a9c00000| PB 0x00000003a9c00000| Untracked 
| 678|0x00000003aa000000, 0x00000003aa000000, 0x00000003aa400000|  0%| F|  |TAMS 0x00000003aa000000| PB 0x00000003aa000000| Untracked 
| 679|0x00000003aa400000, 0x00000003aa400000, 0x00000003aa800000|  0%| F|  |TAMS 0x00000003aa400000| PB 0x00000003aa400000| Untracked 
| 680|0x00000003aa800000, 0x00000003aa800000, 0x00000003aac00000|  0%| F|  |TAMS 0x00000003aa800000| PB 0x00000003aa800000| Untracked 
| 681|0x00000003aac00000, 0x00000003aac00000, 0x00000003ab000000|  0%| F|  |TAMS 0x00000003aac00000| PB 0x00000003aac00000| Untracked 
| 682|0x00000003ab000000, 0x00000003ab000000, 0x00000003ab400000|  0%| F|  |TAMS 0x00000003ab000000| PB 0x00000003ab000000| Untracked 
| 683|0x00000003ab400000, 0x00000003ab400000, 0x00000003ab800000|  0%| F|  |TAMS 0x00000003ab400000| PB 0x00000003ab400000| Untracked 
| 684|0x00000003ab800000, 0x00000003ab800000, 0x00000003abc00000|  0%| F|  |TAMS 0x00000003ab800000| PB 0x00000003ab800000| Untracked 
| 685|0x00000003abc00000, 0x00000003abc00000, 0x00000003ac000000|  0%| F|  |TAMS 0x00000003abc00000| PB 0x00000003abc00000| Untracked 
| 686|0x00000003ac000000, 0x00000003ac000000, 0x00000003ac400000|  0%| F|  |TAMS 0x00000003ac000000| PB 0x00000003ac000000| Untracked 
| 687|0x00000003ac400000, 0x00000003ac400000, 0x00000003ac800000|  0%| F|  |TAMS 0x00000003ac400000| PB 0x00000003ac400000| Untracked 
| 688|0x00000003ac800000, 0x00000003ac800000, 0x00000003acc00000|  0%| F|  |TAMS 0x00000003ac800000| PB 0x00000003ac800000| Untracked 
| 689|0x00000003acc00000, 0x00000003acc00000, 0x00000003ad000000|  0%| F|  |TAMS 0x00000003acc00000| PB 0x00000003acc00000| Untracked 
| 690|0x00000003ad000000, 0x00000003ad000000, 0x00000003ad400000|  0%| F|  |TAMS 0x00000003ad000000| PB 0x00000003ad000000| Untracked 
| 691|0x00000003ad400000, 0x00000003ad400000, 0x00000003ad800000|  0%| F|  |TAMS 0x00000003ad400000| PB 0x00000003ad400000| Untracked 
| 692|0x00000003ad800000, 0x00000003ad800000, 0x00000003adc00000|  0%| F|  |TAMS 0x00000003ad800000| PB 0x00000003ad800000| Untracked 
| 693|0x00000003adc00000, 0x00000003adc00000, 0x00000003ae000000|  0%| F|  |TAMS 0x00000003adc00000| PB 0x00000003adc00000| Untracked 
| 694|0x00000003ae000000, 0x00000003ae000000, 0x00000003ae400000|  0%| F|  |TAMS 0x00000003ae000000| PB 0x00000003ae000000| Untracked 
| 695|0x00000003ae400000, 0x00000003ae400000, 0x00000003ae800000|  0%| F|  |TAMS 0x00000003ae400000| PB 0x00000003ae400000| Untracked 
| 696|0x00000003ae800000, 0x00000003ae800000, 0x00000003aec00000|  0%| F|  |TAMS 0x00000003ae800000| PB 0x00000003ae800000| Untracked 
| 697|0x00000003aec00000, 0x00000003aec00000, 0x00000003af000000|  0%| F|  |TAMS 0x00000003aec00000| PB 0x00000003aec00000| Untracked 
| 698|0x00000003af000000, 0x00000003af000000, 0x00000003af400000|  0%| F|  |TAMS 0x00000003af000000| PB 0x00000003af000000| Untracked 
| 699|0x00000003af400000, 0x00000003af400000, 0x00000003af800000|  0%| F|  |TAMS 0x00000003af400000| PB 0x00000003af400000| Untracked 
| 700|0x00000003af800000, 0x00000003af800000, 0x00000003afc00000|  0%| F|  |TAMS 0x00000003af800000| PB 0x00000003af800000| Untracked 
| 701|0x00000003afc00000, 0x00000003afc00000, 0x00000003b0000000|  0%| F|  |TAMS 0x00000003afc00000| PB 0x00000003afc00000| Untracked 
| 702|0x00000003b0000000, 0x00000003b0000000, 0x00000003b0400000|  0%| F|  |TAMS 0x00000003b0000000| PB 0x00000003b0000000| Untracked 
| 703|0x00000003b0400000, 0x00000003b0400000, 0x00000003b0800000|  0%| F|  |TAMS 0x00000003b0400000| PB 0x00000003b0400000| Untracked 
| 704|0x00000003b0800000, 0x00000003b0800000, 0x00000003b0c00000|  0%| F|  |TAMS 0x00000003b0800000| PB 0x00000003b0800000| Untracked 
| 705|0x00000003b0c00000, 0x00000003b0c00000, 0x00000003b1000000|  0%| F|  |TAMS 0x00000003b0c00000| PB 0x00000003b0c00000| Untracked 
| 706|0x00000003b1000000, 0x00000003b1000000, 0x00000003b1400000|  0%| F|  |TAMS 0x00000003b1000000| PB 0x00000003b1000000| Untracked 
| 707|0x00000003b1400000, 0x00000003b1400000, 0x00000003b1800000|  0%| F|  |TAMS 0x00000003b1400000| PB 0x00000003b1400000| Untracked 
| 708|0x00000003b1800000, 0x00000003b1800000, 0x00000003b1c00000|  0%| F|  |TAMS 0x00000003b1800000| PB 0x00000003b1800000| Untracked 
| 709|0x00000003b1c00000, 0x00000003b1c00000, 0x00000003b2000000|  0%| F|  |TAMS 0x00000003b1c00000| PB 0x00000003b1c00000| Untracked 
| 710|0x00000003b2000000, 0x00000003b2000000, 0x00000003b2400000|  0%| F|  |TAMS 0x00000003b2000000| PB 0x00000003b2000000| Untracked 
| 711|0x00000003b2400000, 0x00000003b2400000, 0x00000003b2800000|  0%| F|  |TAMS 0x00000003b2400000| PB 0x00000003b2400000| Untracked 
| 712|0x00000003b2800000, 0x00000003b2800000, 0x00000003b2c00000|  0%| F|  |TAMS 0x00000003b2800000| PB 0x00000003b2800000| Untracked 
| 713|0x00000003b2c00000, 0x00000003b2c00000, 0x00000003b3000000|  0%| F|  |TAMS 0x00000003b2c00000| PB 0x00000003b2c00000| Untracked 
| 714|0x00000003b3000000, 0x00000003b3000000, 0x00000003b3400000|  0%| F|  |TAMS 0x00000003b3000000| PB 0x00000003b3000000| Untracked 
| 715|0x00000003b3400000, 0x00000003b3400000, 0x00000003b3800000|  0%| F|  |TAMS 0x00000003b3400000| PB 0x00000003b3400000| Untracked 
| 716|0x00000003b3800000, 0x00000003b3800000, 0x00000003b3c00000|  0%| F|  |TAMS 0x00000003b3800000| PB 0x00000003b3800000| Untracked 
| 717|0x00000003b3c00000, 0x00000003b3c00000, 0x00000003b4000000|  0%| F|  |TAMS 0x00000003b3c00000| PB 0x00000003b3c00000| Untracked 
| 718|0x00000003b4000000, 0x00000003b4000000, 0x00000003b4400000|  0%| F|  |TAMS 0x00000003b4000000| PB 0x00000003b4000000| Untracked 
| 719|0x00000003b4400000, 0x00000003b4400000, 0x00000003b4800000|  0%| F|  |TAMS 0x00000003b4400000| PB 0x00000003b4400000| Untracked 
| 720|0x00000003b4800000, 0x00000003b4800000, 0x00000003b4c00000|  0%| F|  |TAMS 0x00000003b4800000| PB 0x00000003b4800000| Untracked 
| 721|0x00000003b4c00000, 0x00000003b4c00000, 0x00000003b5000000|  0%| F|  |TAMS 0x00000003b4c00000| PB 0x00000003b4c00000| Untracked 
| 722|0x00000003b5000000, 0x00000003b5000000, 0x00000003b5400000|  0%| F|  |TAMS 0x00000003b5000000| PB 0x00000003b5000000| Untracked 
| 723|0x00000003b5400000, 0x00000003b5400000, 0x00000003b5800000|  0%| F|  |TAMS 0x00000003b5400000| PB 0x00000003b5400000| Untracked 
| 724|0x00000003b5800000, 0x00000003b5800000, 0x00000003b5c00000|  0%| F|  |TAMS 0x00000003b5800000| PB 0x00000003b5800000| Untracked 
| 725|0x00000003b5c00000, 0x00000003b5c00000, 0x00000003b6000000|  0%| F|  |TAMS 0x00000003b5c00000| PB 0x00000003b5c00000| Untracked 
| 726|0x00000003b6000000, 0x00000003b6000000, 0x00000003b6400000|  0%| F|  |TAMS 0x00000003b6000000| PB 0x00000003b6000000| Untracked 
| 727|0x00000003b6400000, 0x00000003b6400000, 0x00000003b6800000|  0%| F|  |TAMS 0x00000003b6400000| PB 0x00000003b6400000| Untracked 
| 728|0x00000003b6800000, 0x00000003b6800000, 0x00000003b6c00000|  0%| F|  |TAMS 0x00000003b6800000| PB 0x00000003b6800000| Untracked 
| 729|0x00000003b6c00000, 0x00000003b6c00000, 0x00000003b7000000|  0%| F|  |TAMS 0x00000003b6c00000| PB 0x00000003b6c00000| Untracked 
| 730|0x00000003b7000000, 0x00000003b7000000, 0x00000003b7400000|  0%| F|  |TAMS 0x00000003b7000000| PB 0x00000003b7000000| Untracked 
| 731|0x00000003b7400000, 0x00000003b7400000, 0x00000003b7800000|  0%| F|  |TAMS 0x00000003b7400000| PB 0x00000003b7400000| Untracked 
| 732|0x00000003b7800000, 0x00000003b7800000, 0x00000003b7c00000|  0%| F|  |TAMS 0x00000003b7800000| PB 0x00000003b7800000| Untracked 
| 733|0x00000003b7c00000, 0x00000003b7c00000, 0x00000003b8000000|  0%| F|  |TAMS 0x00000003b7c00000| PB 0x00000003b7c00000| Untracked 
| 734|0x00000003b8000000, 0x00000003b8000000, 0x00000003b8400000|  0%| F|  |TAMS 0x00000003b8000000| PB 0x00000003b8000000| Untracked 
| 735|0x00000003b8400000, 0x00000003b8400000, 0x00000003b8800000|  0%| F|  |TAMS 0x00000003b8400000| PB 0x00000003b8400000| Untracked 
| 736|0x00000003b8800000, 0x00000003b8800000, 0x00000003b8c00000|  0%| F|  |TAMS 0x00000003b8800000| PB 0x00000003b8800000| Untracked 
| 737|0x00000003b8c00000, 0x00000003b8c00000, 0x00000003b9000000|  0%| F|  |TAMS 0x00000003b8c00000| PB 0x00000003b8c00000| Untracked 
| 738|0x00000003b9000000, 0x00000003b9000000, 0x00000003b9400000|  0%| F|  |TAMS 0x00000003b9000000| PB 0x00000003b9000000| Untracked 
| 739|0x00000003b9400000, 0x00000003b9400000, 0x00000003b9800000|  0%| F|  |TAMS 0x00000003b9400000| PB 0x00000003b9400000| Untracked 
| 740|0x00000003b9800000, 0x00000003b9800000, 0x00000003b9c00000|  0%| F|  |TAMS 0x00000003b9800000| PB 0x00000003b9800000| Untracked 
| 741|0x00000003b9c00000, 0x00000003b9c00000, 0x00000003ba000000|  0%| F|  |TAMS 0x00000003b9c00000| PB 0x00000003b9c00000| Untracked 
| 742|0x00000003ba000000, 0x00000003ba000000, 0x00000003ba400000|  0%| F|  |TAMS 0x00000003ba000000| PB 0x00000003ba000000| Untracked 
| 743|0x00000003ba400000, 0x00000003ba400000, 0x00000003ba800000|  0%| F|  |TAMS 0x00000003ba400000| PB 0x00000003ba400000| Untracked 
| 744|0x00000003ba800000, 0x00000003ba800000, 0x00000003bac00000|  0%| F|  |TAMS 0x00000003ba800000| PB 0x00000003ba800000| Untracked 
| 745|0x00000003bac00000, 0x00000003bac00000, 0x00000003bb000000|  0%| F|  |TAMS 0x00000003bac00000| PB 0x00000003bac00000| Untracked 
| 746|0x00000003bb000000, 0x00000003bb000000, 0x00000003bb400000|  0%| F|  |TAMS 0x00000003bb000000| PB 0x00000003bb000000| Untracked 
| 747|0x00000003bb400000, 0x00000003bb400000, 0x00000003bb800000|  0%| F|  |TAMS 0x00000003bb400000| PB 0x00000003bb400000| Untracked 
| 748|0x00000003bb800000, 0x00000003bb800000, 0x00000003bbc00000|  0%| F|  |TAMS 0x00000003bb800000| PB 0x00000003bb800000| Untracked 
| 749|0x00000003bbc00000, 0x00000003bbc00000, 0x00000003bc000000|  0%| F|  |TAMS 0x00000003bbc00000| PB 0x00000003bbc00000| Untracked 
| 750|0x00000003bc000000, 0x00000003bc000000, 0x00000003bc400000|  0%| F|  |TAMS 0x00000003bc000000| PB 0x00000003bc000000| Untracked 
| 751|0x00000003bc400000, 0x00000003bc400000, 0x00000003bc800000|  0%| F|  |TAMS 0x00000003bc400000| PB 0x00000003bc400000| Untracked 
| 752|0x00000003bc800000, 0x00000003bc800000, 0x00000003bcc00000|  0%| F|  |TAMS 0x00000003bc800000| PB 0x00000003bc800000| Untracked 
| 753|0x00000003bcc00000, 0x00000003bcc00000, 0x00000003bd000000|  0%| F|  |TAMS 0x00000003bcc00000| PB 0x00000003bcc00000| Untracked 
| 754|0x00000003bd000000, 0x00000003bd000000, 0x00000003bd400000|  0%| F|  |TAMS 0x00000003bd000000| PB 0x00000003bd000000| Untracked 
| 755|0x00000003bd400000, 0x00000003bd400000, 0x00000003bd800000|  0%| F|  |TAMS 0x00000003bd400000| PB 0x00000003bd400000| Untracked 
| 756|0x00000003bd800000, 0x00000003bd800000, 0x00000003bdc00000|  0%| F|  |TAMS 0x00000003bd800000| PB 0x00000003bd800000| Untracked 
| 757|0x00000003bdc00000, 0x00000003bdc00000, 0x00000003be000000|  0%| F|  |TAMS 0x00000003bdc00000| PB 0x00000003bdc00000| Untracked 
| 758|0x00000003be000000, 0x00000003be000000, 0x00000003be400000|  0%| F|  |TAMS 0x00000003be000000| PB 0x00000003be000000| Untracked 
| 759|0x00000003be400000, 0x00000003be400000, 0x00000003be800000|  0%| F|  |TAMS 0x00000003be400000| PB 0x00000003be400000| Untracked 
| 760|0x00000003be800000, 0x00000003be800000, 0x00000003bec00000|  0%| F|  |TAMS 0x00000003be800000| PB 0x00000003be800000| Untracked 
| 761|0x00000003bec00000, 0x00000003bec00000, 0x00000003bf000000|  0%| F|  |TAMS 0x00000003bec00000| PB 0x00000003bec00000| Untracked 
| 762|0x00000003bf000000, 0x00000003bf000000, 0x00000003bf400000|  0%| F|  |TAMS 0x00000003bf000000| PB 0x00000003bf000000| Untracked 
| 763|0x00000003bf400000, 0x00000003bf400000, 0x00000003bf800000|  0%| F|  |TAMS 0x00000003bf400000| PB 0x00000003bf400000| Untracked 
| 764|0x00000003bf800000, 0x00000003bf800000, 0x00000003bfc00000|  0%| F|  |TAMS 0x00000003bf800000| PB 0x00000003bf800000| Untracked 
| 765|0x00000003bfc00000, 0x00000003bfc00000, 0x00000003c0000000|  0%| F|  |TAMS 0x00000003bfc00000| PB 0x00000003bfc00000| Untracked 
| 766|0x00000003c0000000, 0x00000003c0000000, 0x00000003c0400000|  0%| F|  |TAMS 0x00000003c0000000| PB 0x00000003c0000000| Untracked 
| 767|0x00000003c0400000, 0x00000003c0400000, 0x00000003c0800000|  0%| F|  |TAMS 0x00000003c0400000| PB 0x00000003c0400000| Untracked 
| 768|0x00000003c0800000, 0x00000003c084a178, 0x00000003c0c00000|  7%| E|  |TAMS 0x00000003c0800000| PB 0x00000003c0800000| Complete 
| 769|0x00000003c0c00000, 0x00000003c1000000, 0x00000003c1000000|100%| E|CS|TAMS 0x00000003c0c00000| PB 0x00000003c0c00000| Complete 
| 770|0x00000003c1000000, 0x00000003c1400000, 0x00000003c1400000|100%| E|CS|TAMS 0x00000003c1000000| PB 0x00000003c1000000| Complete 
| 771|0x00000003c1400000, 0x00000003c1800000, 0x00000003c1800000|100%| E|CS|TAMS 0x00000003c1400000| PB 0x00000003c1400000| Complete 
| 772|0x00000003c1800000, 0x00000003c1c00000, 0x00000003c1c00000|100%| E|CS|TAMS 0x00000003c1800000| PB 0x00000003c1800000| Complete 
| 773|0x00000003c1c00000, 0x00000003c2000000, 0x00000003c2000000|100%| E|CS|TAMS 0x00000003c1c00000| PB 0x00000003c1c00000| Complete 
| 774|0x00000003c2000000, 0x00000003c2400000, 0x00000003c2400000|100%| E|CS|TAMS 0x00000003c2000000| PB 0x00000003c2000000| Complete 
| 775|0x00000003c2400000, 0x00000003c2800000, 0x00000003c2800000|100%| E|CS|TAMS 0x00000003c2400000| PB 0x00000003c2400000| Complete 
| 776|0x00000003c2800000, 0x00000003c2c00000, 0x00000003c2c00000|100%| E|CS|TAMS 0x00000003c2800000| PB 0x00000003c2800000| Complete 
| 777|0x00000003c2c00000, 0x00000003c3000000, 0x00000003c3000000|100%| E|CS|TAMS 0x00000003c2c00000| PB 0x00000003c2c00000| Complete 
| 778|0x00000003c3000000, 0x00000003c3400000, 0x00000003c3400000|100%| E|CS|TAMS 0x00000003c3000000| PB 0x00000003c3000000| Complete 
| 779|0x00000003c3400000, 0x00000003c3800000, 0x00000003c3800000|100%| E|CS|TAMS 0x00000003c3400000| PB 0x00000003c3400000| Complete 
| 780|0x00000003c3800000, 0x00000003c3c00000, 0x00000003c3c00000|100%| E|CS|TAMS 0x00000003c3800000| PB 0x00000003c3800000| Complete 
| 781|0x00000003c3c00000, 0x00000003c4000000, 0x00000003c4000000|100%| E|CS|TAMS 0x00000003c3c00000| PB 0x00000003c3c00000| Complete 
| 782|0x00000003c4000000, 0x00000003c4400000, 0x00000003c4400000|100%| E|CS|TAMS 0x00000003c4000000| PB 0x00000003c4000000| Complete 
| 783|0x00000003c4400000, 0x00000003c4800000, 0x00000003c4800000|100%| E|CS|TAMS 0x00000003c4400000| PB 0x00000003c4400000| Complete 
| 784|0x00000003c4800000, 0x00000003c4c00000, 0x00000003c4c00000|100%| E|CS|TAMS 0x00000003c4800000| PB 0x00000003c4800000| Complete 
| 785|0x00000003c4c00000, 0x00000003c5000000, 0x00000003c5000000|100%| E|CS|TAMS 0x00000003c4c00000| PB 0x00000003c4c00000| Complete 
| 786|0x00000003c5000000, 0x00000003c5400000, 0x00000003c5400000|100%| E|CS|TAMS 0x00000003c5000000| PB 0x00000003c5000000| Complete 
| 787|0x00000003c5400000, 0x00000003c5800000, 0x00000003c5800000|100%| E|CS|TAMS 0x00000003c5400000| PB 0x00000003c5400000| Complete 
| 788|0x00000003c5800000, 0x00000003c5c00000, 0x00000003c5c00000|100%| E|CS|TAMS 0x00000003c5800000| PB 0x00000003c5800000| Complete 
| 789|0x00000003c5c00000, 0x00000003c6000000, 0x00000003c6000000|100%| E|CS|TAMS 0x00000003c5c00000| PB 0x00000003c5c00000| Complete 
| 790|0x00000003c6000000, 0x00000003c6400000, 0x00000003c6400000|100%| E|CS|TAMS 0x00000003c6000000| PB 0x00000003c6000000| Complete 
| 791|0x00000003c6400000, 0x00000003c6800000, 0x00000003c6800000|100%| E|CS|TAMS 0x00000003c6400000| PB 0x00000003c6400000| Complete 
| 792|0x00000003c6800000, 0x00000003c6c00000, 0x00000003c6c00000|100%| E|CS|TAMS 0x00000003c6800000| PB 0x00000003c6800000| Complete 
| 793|0x00000003c6c00000, 0x00000003c7000000, 0x00000003c7000000|100%| E|CS|TAMS 0x00000003c6c00000| PB 0x00000003c6c00000| Complete 
| 794|0x00000003c7000000, 0x00000003c7400000, 0x00000003c7400000|100%| E|CS|TAMS 0x00000003c7000000| PB 0x00000003c7000000| Complete 
| 795|0x00000003c7400000, 0x00000003c7800000, 0x00000003c7800000|100%| E|CS|TAMS 0x00000003c7400000| PB 0x00000003c7400000| Complete 
| 796|0x00000003c7800000, 0x00000003c7c00000, 0x00000003c7c00000|100%| E|CS|TAMS 0x00000003c7800000| PB 0x00000003c7800000| Complete 
| 797|0x00000003c7c00000, 0x00000003c8000000, 0x00000003c8000000|100%| E|CS|TAMS 0x00000003c7c00000| PB 0x00000003c7c00000| Complete 
| 798|0x00000003c8000000, 0x00000003c8400000, 0x00000003c8400000|100%| E|CS|TAMS 0x00000003c8000000| PB 0x00000003c8000000| Complete 
| 799|0x00000003c8400000, 0x00000003c8800000, 0x00000003c8800000|100%| E|CS|TAMS 0x00000003c8400000| PB 0x00000003c8400000| Complete 
| 800|0x00000003c8800000, 0x00000003c8c00000, 0x00000003c8c00000|100%| E|CS|TAMS 0x00000003c8800000| PB 0x00000003c8800000| Complete 
| 801|0x00000003c8c00000, 0x00000003c9000000, 0x00000003c9000000|100%| E|CS|TAMS 0x00000003c8c00000| PB 0x00000003c8c00000| Complete 
| 802|0x00000003c9000000, 0x00000003c9400000, 0x00000003c9400000|100%| E|CS|TAMS 0x00000003c9000000| PB 0x00000003c9000000| Complete 
| 803|0x00000003c9400000, 0x00000003c9800000, 0x00000003c9800000|100%| E|CS|TAMS 0x00000003c9400000| PB 0x00000003c9400000| Complete 
| 804|0x00000003c9800000, 0x00000003c9c00000, 0x00000003c9c00000|100%| E|CS|TAMS 0x00000003c9800000| PB 0x00000003c9800000| Complete 
| 805|0x00000003c9c00000, 0x00000003ca000000, 0x00000003ca000000|100%| E|CS|TAMS 0x00000003c9c00000| PB 0x00000003c9c00000| Complete 
| 806|0x00000003ca000000, 0x00000003ca400000, 0x00000003ca400000|100%| E|CS|TAMS 0x00000003ca000000| PB 0x00000003ca000000| Complete 
| 807|0x00000003ca400000, 0x00000003ca800000, 0x00000003ca800000|100%| E|CS|TAMS 0x00000003ca400000| PB 0x00000003ca400000| Complete 
| 808|0x00000003ca800000, 0x00000003cac00000, 0x00000003cac00000|100%| E|CS|TAMS 0x00000003ca800000| PB 0x00000003ca800000| Complete 
| 809|0x00000003cac00000, 0x00000003cb000000, 0x00000003cb000000|100%| E|CS|TAMS 0x00000003cac00000| PB 0x00000003cac00000| Complete 
| 810|0x00000003cb000000, 0x00000003cb400000, 0x00000003cb400000|100%| E|CS|TAMS 0x00000003cb000000| PB 0x00000003cb000000| Complete 
| 811|0x00000003cb400000, 0x00000003cb800000, 0x00000003cb800000|100%| E|CS|TAMS 0x00000003cb400000| PB 0x00000003cb400000| Complete 
| 812|0x00000003cb800000, 0x00000003cbc00000, 0x00000003cbc00000|100%| E|CS|TAMS 0x00000003cb800000| PB 0x00000003cb800000| Complete 
| 813|0x00000003cbc00000, 0x00000003cc000000, 0x00000003cc000000|100%| E|CS|TAMS 0x00000003cbc00000| PB 0x00000003cbc00000| Complete 
| 814|0x00000003cc000000, 0x00000003cc400000, 0x00000003cc400000|100%| E|CS|TAMS 0x00000003cc000000| PB 0x00000003cc000000| Complete 
| 815|0x00000003cc400000, 0x00000003cc800000, 0x00000003cc800000|100%| E|CS|TAMS 0x00000003cc400000| PB 0x00000003cc400000| Complete 
| 816|0x00000003cc800000, 0x00000003ccc00000, 0x00000003ccc00000|100%| E|CS|TAMS 0x00000003cc800000| PB 0x00000003cc800000| Complete 
| 817|0x00000003ccc00000, 0x00000003cd000000, 0x00000003cd000000|100%| E|CS|TAMS 0x00000003ccc00000| PB 0x00000003ccc00000| Complete 
| 818|0x00000003cd000000, 0x00000003cd400000, 0x00000003cd400000|100%| E|CS|TAMS 0x00000003cd000000| PB 0x00000003cd000000| Complete 
| 819|0x00000003cd400000, 0x00000003cd800000, 0x00000003cd800000|100%| E|CS|TAMS 0x00000003cd400000| PB 0x00000003cd400000| Complete 
| 820|0x00000003cd800000, 0x00000003cdc00000, 0x00000003cdc00000|100%| E|CS|TAMS 0x00000003cd800000| PB 0x00000003cd800000| Complete 
| 821|0x00000003cdc00000, 0x00000003ce000000, 0x00000003ce000000|100%| E|CS|TAMS 0x00000003cdc00000| PB 0x00000003cdc00000| Complete 
| 822|0x00000003ce000000, 0x00000003ce400000, 0x00000003ce400000|100%| E|CS|TAMS 0x00000003ce000000| PB 0x00000003ce000000| Complete 
| 823|0x00000003ce400000, 0x00000003ce800000, 0x00000003ce800000|100%| E|CS|TAMS 0x00000003ce400000| PB 0x00000003ce400000| Complete 
| 824|0x00000003ce800000, 0x00000003cec00000, 0x00000003cec00000|100%| E|CS|TAMS 0x00000003ce800000| PB 0x00000003ce800000| Complete 
| 825|0x00000003cec00000, 0x00000003cf000000, 0x00000003cf000000|100%| E|CS|TAMS 0x00000003cec00000| PB 0x00000003cec00000| Complete 
| 826|0x00000003cf000000, 0x00000003cf400000, 0x00000003cf400000|100%| E|CS|TAMS 0x00000003cf000000| PB 0x00000003cf000000| Complete 
| 827|0x00000003cf400000, 0x00000003cf800000, 0x00000003cf800000|100%| E|CS|TAMS 0x00000003cf400000| PB 0x00000003cf400000| Complete 
| 828|0x00000003cf800000, 0x00000003cfc00000, 0x00000003cfc00000|100%| E|CS|TAMS 0x00000003cf800000| PB 0x00000003cf800000| Complete 
| 829|0x00000003cfc00000, 0x00000003d0000000, 0x00000003d0000000|100%| E|CS|TAMS 0x00000003cfc00000| PB 0x00000003cfc00000| Complete 
| 830|0x00000003d0000000, 0x00000003d0400000, 0x00000003d0400000|100%| E|CS|TAMS 0x00000003d0000000| PB 0x00000003d0000000| Complete 
| 831|0x00000003d0400000, 0x00000003d0800000, 0x00000003d0800000|100%| E|CS|TAMS 0x00000003d0400000| PB 0x00000003d0400000| Complete 
| 832|0x00000003d0800000, 0x00000003d0c00000, 0x00000003d0c00000|100%| E|CS|TAMS 0x00000003d0800000| PB 0x00000003d0800000| Complete 
| 833|0x00000003d0c00000, 0x00000003d1000000, 0x00000003d1000000|100%| E|CS|TAMS 0x00000003d0c00000| PB 0x00000003d0c00000| Complete 
| 834|0x00000003d1000000, 0x00000003d1400000, 0x00000003d1400000|100%| E|CS|TAMS 0x00000003d1000000| PB 0x00000003d1000000| Complete 
| 835|0x00000003d1400000, 0x00000003d1800000, 0x00000003d1800000|100%| E|CS|TAMS 0x00000003d1400000| PB 0x00000003d1400000| Complete 
| 836|0x00000003d1800000, 0x00000003d1c00000, 0x00000003d1c00000|100%| E|CS|TAMS 0x00000003d1800000| PB 0x00000003d1800000| Complete 
| 837|0x00000003d1c00000, 0x00000003d2000000, 0x00000003d2000000|100%| E|CS|TAMS 0x00000003d1c00000| PB 0x00000003d1c00000| Complete 
| 838|0x00000003d2000000, 0x00000003d2400000, 0x00000003d2400000|100%| E|CS|TAMS 0x00000003d2000000| PB 0x00000003d2000000| Complete 
| 839|0x00000003d2400000, 0x00000003d2800000, 0x00000003d2800000|100%| E|CS|TAMS 0x00000003d2400000| PB 0x00000003d2400000| Complete 
| 840|0x00000003d2800000, 0x00000003d2c00000, 0x00000003d2c00000|100%| E|CS|TAMS 0x00000003d2800000| PB 0x00000003d2800000| Complete 
| 841|0x00000003d2c00000, 0x00000003d3000000, 0x00000003d3000000|100%| E|CS|TAMS 0x00000003d2c00000| PB 0x00000003d2c00000| Complete 
| 842|0x00000003d3000000, 0x00000003d3400000, 0x00000003d3400000|100%| E|CS|TAMS 0x00000003d3000000| PB 0x00000003d3000000| Complete 
| 843|0x00000003d3400000, 0x00000003d3800000, 0x00000003d3800000|100%| E|CS|TAMS 0x00000003d3400000| PB 0x00000003d3400000| Complete 
| 844|0x00000003d3800000, 0x00000003d3c00000, 0x00000003d3c00000|100%| E|CS|TAMS 0x00000003d3800000| PB 0x00000003d3800000| Complete 
| 845|0x00000003d3c00000, 0x00000003d4000000, 0x00000003d4000000|100%| E|CS|TAMS 0x00000003d3c00000| PB 0x00000003d3c00000| Complete 
| 846|0x00000003d4000000, 0x00000003d4400000, 0x00000003d4400000|100%| E|CS|TAMS 0x00000003d4000000| PB 0x00000003d4000000| Complete 
| 847|0x00000003d4400000, 0x00000003d4800000, 0x00000003d4800000|100%| E|CS|TAMS 0x00000003d4400000| PB 0x00000003d4400000| Complete 
| 848|0x00000003d4800000, 0x00000003d4c00000, 0x00000003d4c00000|100%| E|CS|TAMS 0x00000003d4800000| PB 0x00000003d4800000| Complete 
| 849|0x00000003d4c00000, 0x00000003d5000000, 0x00000003d5000000|100%| E|CS|TAMS 0x00000003d4c00000| PB 0x00000003d4c00000| Complete 
| 850|0x00000003d5000000, 0x00000003d5400000, 0x00000003d5400000|100%| E|CS|TAMS 0x00000003d5000000| PB 0x00000003d5000000| Complete 
| 851|0x00000003d5400000, 0x00000003d5800000, 0x00000003d5800000|100%| E|CS|TAMS 0x00000003d5400000| PB 0x00000003d5400000| Complete 
| 852|0x00000003d5800000, 0x00000003d5c00000, 0x00000003d5c00000|100%| E|CS|TAMS 0x00000003d5800000| PB 0x00000003d5800000| Complete 
| 853|0x00000003d5c00000, 0x00000003d6000000, 0x00000003d6000000|100%| E|CS|TAMS 0x00000003d5c00000| PB 0x00000003d5c00000| Complete 
| 854|0x00000003d6000000, 0x00000003d6400000, 0x00000003d6400000|100%| E|CS|TAMS 0x00000003d6000000| PB 0x00000003d6000000| Complete 
| 855|0x00000003d6400000, 0x00000003d6800000, 0x00000003d6800000|100%| E|CS|TAMS 0x00000003d6400000| PB 0x00000003d6400000| Complete 
| 856|0x00000003d6800000, 0x00000003d6c00000, 0x00000003d6c00000|100%| E|CS|TAMS 0x00000003d6800000| PB 0x00000003d6800000| Complete 
| 857|0x00000003d6c00000, 0x00000003d7000000, 0x00000003d7000000|100%| E|CS|TAMS 0x00000003d6c00000| PB 0x00000003d6c00000| Complete 
| 858|0x00000003d7000000, 0x00000003d7400000, 0x00000003d7400000|100%| E|CS|TAMS 0x00000003d7000000| PB 0x00000003d7000000| Complete 
| 859|0x00000003d7400000, 0x00000003d7800000, 0x00000003d7800000|100%| E|CS|TAMS 0x00000003d7400000| PB 0x00000003d7400000| Complete 
| 860|0x00000003d7800000, 0x00000003d7c00000, 0x00000003d7c00000|100%| E|CS|TAMS 0x00000003d7800000| PB 0x00000003d7800000| Complete 
| 861|0x00000003d7c00000, 0x00000003d8000000, 0x00000003d8000000|100%| E|CS|TAMS 0x00000003d7c00000| PB 0x00000003d7c00000| Complete 
| 862|0x00000003d8000000, 0x00000003d8400000, 0x00000003d8400000|100%| E|CS|TAMS 0x00000003d8000000| PB 0x00000003d8000000| Complete 
| 863|0x00000003d8400000, 0x00000003d8800000, 0x00000003d8800000|100%| E|CS|TAMS 0x00000003d8400000| PB 0x00000003d8400000| Complete 
| 864|0x00000003d8800000, 0x00000003d8c00000, 0x00000003d8c00000|100%| E|CS|TAMS 0x00000003d8800000| PB 0x00000003d8800000| Complete 
| 865|0x00000003d8c00000, 0x00000003d9000000, 0x00000003d9000000|100%| E|CS|TAMS 0x00000003d8c00000| PB 0x00000003d8c00000| Complete 
| 866|0x00000003d9000000, 0x00000003d9400000, 0x00000003d9400000|100%| E|CS|TAMS 0x00000003d9000000| PB 0x00000003d9000000| Complete 
| 867|0x00000003d9400000, 0x00000003d9800000, 0x00000003d9800000|100%| E|CS|TAMS 0x00000003d9400000| PB 0x00000003d9400000| Complete 
| 868|0x00000003d9800000, 0x00000003d9c00000, 0x00000003d9c00000|100%| E|CS|TAMS 0x00000003d9800000| PB 0x00000003d9800000| Complete 
| 869|0x00000003d9c00000, 0x00000003da000000, 0x00000003da000000|100%| E|CS|TAMS 0x00000003d9c00000| PB 0x00000003d9c00000| Complete 
| 870|0x00000003da000000, 0x00000003da400000, 0x00000003da400000|100%| E|CS|TAMS 0x00000003da000000| PB 0x00000003da000000| Complete 
| 871|0x00000003da400000, 0x00000003da800000, 0x00000003da800000|100%| E|CS|TAMS 0x00000003da400000| PB 0x00000003da400000| Complete 
| 872|0x00000003da800000, 0x00000003dac00000, 0x00000003dac00000|100%| E|CS|TAMS 0x00000003da800000| PB 0x00000003da800000| Complete 
| 873|0x00000003dac00000, 0x00000003db000000, 0x00000003db000000|100%| E|CS|TAMS 0x00000003dac00000| PB 0x00000003dac00000| Complete 
| 874|0x00000003db000000, 0x00000003db400000, 0x00000003db400000|100%| E|CS|TAMS 0x00000003db000000| PB 0x00000003db000000| Complete 
| 875|0x00000003db400000, 0x00000003db800000, 0x00000003db800000|100%| E|CS|TAMS 0x00000003db400000| PB 0x00000003db400000| Complete 
| 876|0x00000003db800000, 0x00000003dbc00000, 0x00000003dbc00000|100%| E|CS|TAMS 0x00000003db800000| PB 0x00000003db800000| Complete 
| 877|0x00000003dbc00000, 0x00000003dc000000, 0x00000003dc000000|100%| E|CS|TAMS 0x00000003dbc00000| PB 0x00000003dbc00000| Complete 
| 878|0x00000003dc000000, 0x00000003dc400000, 0x00000003dc400000|100%| E|CS|TAMS 0x00000003dc000000| PB 0x00000003dc000000| Complete 
| 879|0x00000003dc400000, 0x00000003dc800000, 0x00000003dc800000|100%| E|CS|TAMS 0x00000003dc400000| PB 0x00000003dc400000| Complete 
| 880|0x00000003dc800000, 0x00000003dcc00000, 0x00000003dcc00000|100%| E|CS|TAMS 0x00000003dc800000| PB 0x00000003dc800000| Complete 
| 881|0x00000003dcc00000, 0x00000003dd000000, 0x00000003dd000000|100%| E|CS|TAMS 0x00000003dcc00000| PB 0x00000003dcc00000| Complete 
| 882|0x00000003dd000000, 0x00000003dd400000, 0x00000003dd400000|100%| E|CS|TAMS 0x00000003dd000000| PB 0x00000003dd000000| Complete 
| 883|0x00000003dd400000, 0x00000003dd800000, 0x00000003dd800000|100%| E|CS|TAMS 0x00000003dd400000| PB 0x00000003dd400000| Complete 
| 884|0x00000003dd800000, 0x00000003ddc00000, 0x00000003ddc00000|100%| E|CS|TAMS 0x00000003dd800000| PB 0x00000003dd800000| Complete 
| 885|0x00000003ddc00000, 0x00000003de000000, 0x00000003de000000|100%| E|CS|TAMS 0x00000003ddc00000| PB 0x00000003ddc00000| Complete 
| 886|0x00000003de000000, 0x00000003de400000, 0x00000003de400000|100%| E|CS|TAMS 0x00000003de000000| PB 0x00000003de000000| Complete 
| 887|0x00000003de400000, 0x00000003de800000, 0x00000003de800000|100%| E|CS|TAMS 0x00000003de400000| PB 0x00000003de400000| Complete 
| 888|0x00000003de800000, 0x00000003dec00000, 0x00000003dec00000|100%| E|CS|TAMS 0x00000003de800000| PB 0x00000003de800000| Complete 
| 889|0x00000003dec00000, 0x00000003df000000, 0x00000003df000000|100%| E|CS|TAMS 0x00000003dec00000| PB 0x00000003dec00000| Complete 
| 890|0x00000003df000000, 0x00000003df400000, 0x00000003df400000|100%| E|CS|TAMS 0x00000003df000000| PB 0x00000003df000000| Complete 
| 891|0x00000003df400000, 0x00000003df800000, 0x00000003df800000|100%| E|CS|TAMS 0x00000003df400000| PB 0x00000003df400000| Complete 
| 892|0x00000003df800000, 0x00000003dfc00000, 0x00000003dfc00000|100%| E|CS|TAMS 0x00000003df800000| PB 0x00000003df800000| Complete 
| 893|0x00000003dfc00000, 0x00000003e0000000, 0x00000003e0000000|100%| E|CS|TAMS 0x00000003dfc00000| PB 0x00000003dfc00000| Complete 
| 894|0x00000003e0000000, 0x00000003e0400000, 0x00000003e0400000|100%| E|CS|TAMS 0x00000003e0000000| PB 0x00000003e0000000| Complete 
| 895|0x00000003e0400000, 0x00000003e0800000, 0x00000003e0800000|100%| E|CS|TAMS 0x00000003e0400000| PB 0x00000003e0400000| Complete 
| 896|0x00000003e0800000, 0x00000003e0c00000, 0x00000003e0c00000|100%| E|CS|TAMS 0x00000003e0800000| PB 0x00000003e0800000| Complete 
| 897|0x00000003e0c00000, 0x00000003e1000000, 0x00000003e1000000|100%| E|CS|TAMS 0x00000003e0c00000| PB 0x00000003e0c00000| Complete 
| 898|0x00000003e1000000, 0x00000003e1400000, 0x00000003e1400000|100%| E|CS|TAMS 0x00000003e1000000| PB 0x00000003e1000000| Complete 
| 899|0x00000003e1400000, 0x00000003e1800000, 0x00000003e1800000|100%| E|CS|TAMS 0x00000003e1400000| PB 0x00000003e1400000| Complete 
| 900|0x00000003e1800000, 0x00000003e1c00000, 0x00000003e1c00000|100%| E|CS|TAMS 0x00000003e1800000| PB 0x00000003e1800000| Complete 
| 901|0x00000003e1c00000, 0x00000003e2000000, 0x00000003e2000000|100%| E|CS|TAMS 0x00000003e1c00000| PB 0x00000003e1c00000| Complete 
| 902|0x00000003e2000000, 0x00000003e2400000, 0x00000003e2400000|100%| E|CS|TAMS 0x00000003e2000000| PB 0x00000003e2000000| Complete 
| 903|0x00000003e2400000, 0x00000003e2800000, 0x00000003e2800000|100%| E|CS|TAMS 0x00000003e2400000| PB 0x00000003e2400000| Complete 
| 904|0x00000003e2800000, 0x00000003e2c00000, 0x00000003e2c00000|100%| E|CS|TAMS 0x00000003e2800000| PB 0x00000003e2800000| Complete 
| 905|0x00000003e2c00000, 0x00000003e3000000, 0x00000003e3000000|100%| E|CS|TAMS 0x00000003e2c00000| PB 0x00000003e2c00000| Complete 
| 906|0x00000003e3000000, 0x00000003e3400000, 0x00000003e3400000|100%| E|CS|TAMS 0x00000003e3000000| PB 0x00000003e3000000| Complete 
| 907|0x00000003e3400000, 0x00000003e3800000, 0x00000003e3800000|100%| E|CS|TAMS 0x00000003e3400000| PB 0x00000003e3400000| Complete 
| 908|0x00000003e3800000, 0x00000003e3c00000, 0x00000003e3c00000|100%| E|CS|TAMS 0x00000003e3800000| PB 0x00000003e3800000| Complete 
| 909|0x00000003e3c00000, 0x00000003e4000000, 0x00000003e4000000|100%| E|CS|TAMS 0x00000003e3c00000| PB 0x00000003e3c00000| Complete 
| 910|0x00000003e4000000, 0x00000003e4400000, 0x00000003e4400000|100%| E|CS|TAMS 0x00000003e4000000| PB 0x00000003e4000000| Complete 
| 911|0x00000003e4400000, 0x00000003e4800000, 0x00000003e4800000|100%| E|CS|TAMS 0x00000003e4400000| PB 0x00000003e4400000| Complete 
| 912|0x00000003e4800000, 0x00000003e4c00000, 0x00000003e4c00000|100%| E|CS|TAMS 0x00000003e4800000| PB 0x00000003e4800000| Complete 
| 913|0x00000003e4c00000, 0x00000003e5000000, 0x00000003e5000000|100%| E|CS|TAMS 0x00000003e4c00000| PB 0x00000003e4c00000| Complete 
| 914|0x00000003e5000000, 0x00000003e5400000, 0x00000003e5400000|100%| E|CS|TAMS 0x00000003e5000000| PB 0x00000003e5000000| Complete 
| 915|0x00000003e5400000, 0x00000003e5800000, 0x00000003e5800000|100%| E|CS|TAMS 0x00000003e5400000| PB 0x00000003e5400000| Complete 
| 916|0x00000003e5800000, 0x00000003e5c00000, 0x00000003e5c00000|100%| E|CS|TAMS 0x00000003e5800000| PB 0x00000003e5800000| Complete 
| 917|0x00000003e5c00000, 0x00000003e6000000, 0x00000003e6000000|100%| E|CS|TAMS 0x00000003e5c00000| PB 0x00000003e5c00000| Complete 
| 918|0x00000003e6000000, 0x00000003e6400000, 0x00000003e6400000|100%| E|CS|TAMS 0x00000003e6000000| PB 0x00000003e6000000| Complete 
| 919|0x00000003e6400000, 0x00000003e6800000, 0x00000003e6800000|100%| E|CS|TAMS 0x00000003e6400000| PB 0x00000003e6400000| Complete 
| 920|0x00000003e6800000, 0x00000003e6c00000, 0x00000003e6c00000|100%| E|CS|TAMS 0x00000003e6800000| PB 0x00000003e6800000| Complete 
| 921|0x00000003e6c00000, 0x00000003e7000000, 0x00000003e7000000|100%| E|CS|TAMS 0x00000003e6c00000| PB 0x00000003e6c00000| Complete 
| 922|0x00000003e7000000, 0x00000003e7400000, 0x00000003e7400000|100%| E|CS|TAMS 0x00000003e7000000| PB 0x00000003e7000000| Complete 
| 923|0x00000003e7400000, 0x00000003e7800000, 0x00000003e7800000|100%| E|CS|TAMS 0x00000003e7400000| PB 0x00000003e7400000| Complete 
| 924|0x00000003e7800000, 0x00000003e7c00000, 0x00000003e7c00000|100%| E|CS|TAMS 0x00000003e7800000| PB 0x00000003e7800000| Complete 
| 925|0x00000003e7c00000, 0x00000003e8000000, 0x00000003e8000000|100%| E|CS|TAMS 0x00000003e7c00000| PB 0x00000003e7c00000| Complete 
| 926|0x00000003e8000000, 0x00000003e8400000, 0x00000003e8400000|100%| E|CS|TAMS 0x00000003e8000000| PB 0x00000003e8000000| Complete 
| 927|0x00000003e8400000, 0x00000003e8800000, 0x00000003e8800000|100%| E|CS|TAMS 0x00000003e8400000| PB 0x00000003e8400000| Complete 
| 928|0x00000003e8800000, 0x00000003e8c00000, 0x00000003e8c00000|100%| E|CS|TAMS 0x00000003e8800000| PB 0x00000003e8800000| Complete 
| 929|0x00000003e8c00000, 0x00000003e9000000, 0x00000003e9000000|100%| E|CS|TAMS 0x00000003e8c00000| PB 0x00000003e8c00000| Complete 
| 930|0x00000003e9000000, 0x00000003e9400000, 0x00000003e9400000|100%| E|CS|TAMS 0x00000003e9000000| PB 0x00000003e9000000| Complete 
| 931|0x00000003e9400000, 0x00000003e9800000, 0x00000003e9800000|100%| E|CS|TAMS 0x00000003e9400000| PB 0x00000003e9400000| Complete 
| 932|0x00000003e9800000, 0x00000003e9c00000, 0x00000003e9c00000|100%| E|CS|TAMS 0x00000003e9800000| PB 0x00000003e9800000| Complete 
| 933|0x00000003e9c00000, 0x00000003ea000000, 0x00000003ea000000|100%| E|CS|TAMS 0x00000003e9c00000| PB 0x00000003e9c00000| Complete 
| 934|0x00000003ea000000, 0x00000003ea400000, 0x00000003ea400000|100%| E|CS|TAMS 0x00000003ea000000| PB 0x00000003ea000000| Complete 
| 935|0x00000003ea400000, 0x00000003ea800000, 0x00000003ea800000|100%| E|CS|TAMS 0x00000003ea400000| PB 0x00000003ea400000| Complete 
| 936|0x00000003ea800000, 0x00000003eac00000, 0x00000003eac00000|100%| E|CS|TAMS 0x00000003ea800000| PB 0x00000003ea800000| Complete 
| 937|0x00000003eac00000, 0x00000003eb000000, 0x00000003eb000000|100%| E|CS|TAMS 0x00000003eac00000| PB 0x00000003eac00000| Complete 
| 938|0x00000003eb000000, 0x00000003eb400000, 0x00000003eb400000|100%| E|CS|TAMS 0x00000003eb000000| PB 0x00000003eb000000| Complete 
| 939|0x00000003eb400000, 0x00000003eb800000, 0x00000003eb800000|100%| E|CS|TAMS 0x00000003eb400000| PB 0x00000003eb400000| Complete 
| 940|0x00000003eb800000, 0x00000003ebc00000, 0x00000003ebc00000|100%| E|CS|TAMS 0x00000003eb800000| PB 0x00000003eb800000| Complete 
| 941|0x00000003ebc00000, 0x00000003ec000000, 0x00000003ec000000|100%| E|CS|TAMS 0x00000003ebc00000| PB 0x00000003ebc00000| Complete 
| 942|0x00000003ec000000, 0x00000003ec400000, 0x00000003ec400000|100%| E|CS|TAMS 0x00000003ec000000| PB 0x00000003ec000000| Complete 
| 943|0x00000003ec400000, 0x00000003ec800000, 0x00000003ec800000|100%| E|CS|TAMS 0x00000003ec400000| PB 0x00000003ec400000| Complete 
| 944|0x00000003ec800000, 0x00000003ecc00000, 0x00000003ecc00000|100%| E|CS|TAMS 0x00000003ec800000| PB 0x00000003ec800000| Complete 
| 945|0x00000003ecc00000, 0x00000003ed000000, 0x00000003ed000000|100%| E|CS|TAMS 0x00000003ecc00000| PB 0x00000003ecc00000| Complete 
| 946|0x00000003ed000000, 0x00000003ed400000, 0x00000003ed400000|100%| E|CS|TAMS 0x00000003ed000000| PB 0x00000003ed000000| Complete 
| 947|0x00000003ed400000, 0x00000003ed800000, 0x00000003ed800000|100%| E|CS|TAMS 0x00000003ed400000| PB 0x00000003ed400000| Complete 
| 948|0x00000003ed800000, 0x00000003edc00000, 0x00000003edc00000|100%| E|CS|TAMS 0x00000003ed800000| PB 0x00000003ed800000| Complete 
| 949|0x00000003edc00000, 0x00000003ee000000, 0x00000003ee000000|100%| E|CS|TAMS 0x00000003edc00000| PB 0x00000003edc00000| Complete 
| 950|0x00000003ee000000, 0x00000003ee400000, 0x00000003ee400000|100%| E|CS|TAMS 0x00000003ee000000| PB 0x00000003ee000000| Complete 
| 951|0x00000003ee400000, 0x00000003ee800000, 0x00000003ee800000|100%| E|CS|TAMS 0x00000003ee400000| PB 0x00000003ee400000| Complete 
| 952|0x00000003ee800000, 0x00000003eec00000, 0x00000003eec00000|100%| E|CS|TAMS 0x00000003ee800000| PB 0x00000003ee800000| Complete 
| 953|0x00000003eec00000, 0x00000003ef000000, 0x00000003ef000000|100%| E|CS|TAMS 0x00000003eec00000| PB 0x00000003eec00000| Complete 
| 954|0x00000003ef000000, 0x00000003ef400000, 0x00000003ef400000|100%| E|CS|TAMS 0x00000003ef000000| PB 0x00000003ef000000| Complete 
| 955|0x00000003ef400000, 0x00000003ef800000, 0x00000003ef800000|100%| E|CS|TAMS 0x00000003ef400000| PB 0x00000003ef400000| Complete 
| 956|0x00000003ef800000, 0x00000003efc00000, 0x00000003efc00000|100%| E|CS|TAMS 0x00000003ef800000| PB 0x00000003ef800000| Complete 
| 957|0x00000003efc00000, 0x00000003f0000000, 0x00000003f0000000|100%| E|CS|TAMS 0x00000003efc00000| PB 0x00000003efc00000| Complete 
| 958|0x00000003f0000000, 0x00000003f0400000, 0x00000003f0400000|100%| E|CS|TAMS 0x00000003f0000000| PB 0x00000003f0000000| Complete 
| 959|0x00000003f0400000, 0x00000003f0800000, 0x00000003f0800000|100%| E|CS|TAMS 0x00000003f0400000| PB 0x00000003f0400000| Complete 
| 960|0x00000003f0800000, 0x00000003f0c00000, 0x00000003f0c00000|100%| E|CS|TAMS 0x00000003f0800000| PB 0x00000003f0800000| Complete 
| 961|0x00000003f0c00000, 0x00000003f1000000, 0x00000003f1000000|100%| E|CS|TAMS 0x00000003f0c00000| PB 0x00000003f0c00000| Complete 
| 962|0x00000003f1000000, 0x00000003f1400000, 0x00000003f1400000|100%| E|CS|TAMS 0x00000003f1000000| PB 0x00000003f1000000| Complete 
| 963|0x00000003f1400000, 0x00000003f1800000, 0x00000003f1800000|100%| E|CS|TAMS 0x00000003f1400000| PB 0x00000003f1400000| Complete 
| 964|0x00000003f1800000, 0x00000003f1c00000, 0x00000003f1c00000|100%| E|CS|TAMS 0x00000003f1800000| PB 0x00000003f1800000| Complete 
| 965|0x00000003f1c00000, 0x00000003f2000000, 0x00000003f2000000|100%| E|CS|TAMS 0x00000003f1c00000| PB 0x00000003f1c00000| Complete 
| 966|0x00000003f2000000, 0x00000003f2400000, 0x00000003f2400000|100%| E|CS|TAMS 0x00000003f2000000| PB 0x00000003f2000000| Complete 
| 967|0x00000003f2400000, 0x00000003f2800000, 0x00000003f2800000|100%| E|CS|TAMS 0x00000003f2400000| PB 0x00000003f2400000| Complete 
| 968|0x00000003f2800000, 0x00000003f2c00000, 0x00000003f2c00000|100%| E|CS|TAMS 0x00000003f2800000| PB 0x00000003f2800000| Complete 
| 969|0x00000003f2c00000, 0x00000003f3000000, 0x00000003f3000000|100%| E|CS|TAMS 0x00000003f2c00000| PB 0x00000003f2c00000| Complete 
| 970|0x00000003f3000000, 0x00000003f3400000, 0x00000003f3400000|100%| E|CS|TAMS 0x00000003f3000000| PB 0x00000003f3000000| Complete 
| 971|0x00000003f3400000, 0x00000003f3800000, 0x00000003f3800000|100%| E|CS|TAMS 0x00000003f3400000| PB 0x00000003f3400000| Complete 
| 972|0x00000003f3800000, 0x00000003f3c00000, 0x00000003f3c00000|100%| E|CS|TAMS 0x00000003f3800000| PB 0x00000003f3800000| Complete 
| 973|0x00000003f3c00000, 0x00000003f4000000, 0x00000003f4000000|100%| E|CS|TAMS 0x00000003f3c00000| PB 0x00000003f3c00000| Complete 
| 974|0x00000003f4000000, 0x00000003f4400000, 0x00000003f4400000|100%| E|CS|TAMS 0x00000003f4000000| PB 0x00000003f4000000| Complete 
| 975|0x00000003f4400000, 0x00000003f4800000, 0x00000003f4800000|100%| E|CS|TAMS 0x00000003f4400000| PB 0x00000003f4400000| Complete 
| 976|0x00000003f4800000, 0x00000003f4c00000, 0x00000003f4c00000|100%| E|CS|TAMS 0x00000003f4800000| PB 0x00000003f4800000| Complete 
| 977|0x00000003f4c00000, 0x00000003f5000000, 0x00000003f5000000|100%| E|CS|TAMS 0x00000003f4c00000| PB 0x00000003f4c00000| Complete 
| 978|0x00000003f5000000, 0x00000003f5400000, 0x00000003f5400000|100%| E|CS|TAMS 0x00000003f5000000| PB 0x00000003f5000000| Complete 
| 979|0x00000003f5400000, 0x00000003f5800000, 0x00000003f5800000|100%| E|CS|TAMS 0x00000003f5400000| PB 0x00000003f5400000| Complete 
| 980|0x00000003f5800000, 0x00000003f5c00000, 0x00000003f5c00000|100%| E|CS|TAMS 0x00000003f5800000| PB 0x00000003f5800000| Complete 
| 981|0x00000003f5c00000, 0x00000003f6000000, 0x00000003f6000000|100%| E|CS|TAMS 0x00000003f5c00000| PB 0x00000003f5c00000| Complete 
| 982|0x00000003f6000000, 0x00000003f6400000, 0x00000003f6400000|100%| E|CS|TAMS 0x00000003f6000000| PB 0x00000003f6000000| Complete 
| 983|0x00000003f6400000, 0x00000003f6800000, 0x00000003f6800000|100%| E|CS|TAMS 0x00000003f6400000| PB 0x00000003f6400000| Complete 
| 984|0x00000003f6800000, 0x00000003f6c00000, 0x00000003f6c00000|100%| E|CS|TAMS 0x00000003f6800000| PB 0x00000003f6800000| Complete 
| 985|0x00000003f6c00000, 0x00000003f7000000, 0x00000003f7000000|100%| E|CS|TAMS 0x00000003f6c00000| PB 0x00000003f6c00000| Complete 
| 986|0x00000003f7000000, 0x00000003f7400000, 0x00000003f7400000|100%| E|CS|TAMS 0x00000003f7000000| PB 0x00000003f7000000| Complete 
| 987|0x00000003f7400000, 0x00000003f7800000, 0x00000003f7800000|100%| E|CS|TAMS 0x00000003f7400000| PB 0x00000003f7400000| Complete 
| 988|0x00000003f7800000, 0x00000003f7c00000, 0x00000003f7c00000|100%| E|CS|TAMS 0x00000003f7800000| PB 0x00000003f7800000| Complete 
| 989|0x00000003f7c00000, 0x00000003f8000000, 0x00000003f8000000|100%| E|CS|TAMS 0x00000003f7c00000| PB 0x00000003f7c00000| Complete 
| 990|0x00000003f8000000, 0x00000003f8400000, 0x00000003f8400000|100%| E|CS|TAMS 0x00000003f8000000| PB 0x00000003f8000000| Complete 
| 991|0x00000003f8400000, 0x00000003f8800000, 0x00000003f8800000|100%| E|CS|TAMS 0x00000003f8400000| PB 0x00000003f8400000| Complete 
| 992|0x00000003f8800000, 0x00000003f8c00000, 0x00000003f8c00000|100%| E|CS|TAMS 0x00000003f8800000| PB 0x00000003f8800000| Complete 
| 993|0x00000003f8c00000, 0x00000003f9000000, 0x00000003f9000000|100%| E|CS|TAMS 0x00000003f8c00000| PB 0x00000003f8c00000| Complete 
| 994|0x00000003f9000000, 0x00000003f9400000, 0x00000003f9400000|100%| E|CS|TAMS 0x00000003f9000000| PB 0x00000003f9000000| Complete 
| 995|0x00000003f9400000, 0x00000003f9800000, 0x00000003f9800000|100%| E|CS|TAMS 0x00000003f9400000| PB 0x00000003f9400000| Complete 
| 996|0x00000003f9800000, 0x00000003f9c00000, 0x00000003f9c00000|100%| E|CS|TAMS 0x00000003f9800000| PB 0x00000003f9800000| Complete 
| 997|0x00000003f9c00000, 0x00000003fa000000, 0x00000003fa000000|100%| E|CS|TAMS 0x00000003f9c00000| PB 0x00000003f9c00000| Complete 
| 998|0x00000003fa000000, 0x00000003fa400000, 0x00000003fa400000|100%| E|CS|TAMS 0x00000003fa000000| PB 0x00000003fa000000| Complete 
| 999|0x00000003fa400000, 0x00000003fa800000, 0x00000003fa800000|100%| E|CS|TAMS 0x00000003fa400000| PB 0x00000003fa400000| Complete 
|1000|0x00000003fa800000, 0x00000003fac00000, 0x00000003fac00000|100%| E|CS|TAMS 0x00000003fa800000| PB 0x00000003fa800000| Complete 
|1001|0x00000003fac00000, 0x00000003fb000000, 0x00000003fb000000|100%| E|CS|TAMS 0x00000003fac00000| PB 0x00000003fac00000| Complete 
|1002|0x00000003fb000000, 0x00000003fb400000, 0x00000003fb400000|100%| E|CS|TAMS 0x00000003fb000000| PB 0x00000003fb000000| Complete 
|1003|0x00000003fb400000, 0x00000003fb800000, 0x00000003fb800000|100%| E|CS|TAMS 0x00000003fb400000| PB 0x00000003fb400000| Complete 
|1004|0x00000003fb800000, 0x00000003fbc00000, 0x00000003fbc00000|100%| E|CS|TAMS 0x00000003fb800000| PB 0x00000003fb800000| Complete 
|1005|0x00000003fbc00000, 0x00000003fc000000, 0x00000003fc000000|100%| E|CS|TAMS 0x00000003fbc00000| PB 0x00000003fbc00000| Complete 
|1006|0x00000003fc000000, 0x00000003fc400000, 0x00000003fc400000|100%| E|CS|TAMS 0x00000003fc000000| PB 0x00000003fc000000| Complete 
|1007|0x00000003fc400000, 0x00000003fc800000, 0x00000003fc800000|100%| E|CS|TAMS 0x00000003fc400000| PB 0x00000003fc400000| Complete 
|1008|0x00000003fc800000, 0x00000003fcc00000, 0x00000003fcc00000|100%| E|CS|TAMS 0x00000003fc800000| PB 0x00000003fc800000| Complete 
|1009|0x00000003fcc00000, 0x00000003fd000000, 0x00000003fd000000|100%| E|CS|TAMS 0x00000003fcc00000| PB 0x00000003fcc00000| Complete 
|1010|0x00000003fd000000, 0x00000003fd400000, 0x00000003fd400000|100%| E|CS|TAMS 0x00000003fd000000| PB 0x00000003fd000000| Complete 
|1011|0x00000003fd400000, 0x00000003fd800000, 0x00000003fd800000|100%| E|CS|TAMS 0x00000003fd400000| PB 0x00000003fd400000| Complete 
|1012|0x00000003fd800000, 0x00000003fdc00000, 0x00000003fdc00000|100%| E|CS|TAMS 0x00000003fd800000| PB 0x00000003fd800000| Complete 
|1013|0x00000003fdc00000, 0x00000003fe000000, 0x00000003fe000000|100%| E|CS|TAMS 0x00000003fdc00000| PB 0x00000003fdc00000| Complete 
|1014|0x00000003fe000000, 0x00000003fe400000, 0x00000003fe400000|100%| E|CS|TAMS 0x00000003fe000000| PB 0x00000003fe000000| Complete 
|1015|0x00000003fe400000, 0x00000003fe800000, 0x00000003fe800000|100%| E|CS|TAMS 0x00000003fe400000| PB 0x00000003fe400000| Complete 
|1016|0x00000003fe800000, 0x00000003fec00000, 0x00000003fec00000|100%| E|CS|TAMS 0x00000003fe800000| PB 0x00000003fe800000| Complete 
|1017|0x00000003fec00000, 0x00000003ff000000, 0x00000003ff000000|100%| E|CS|TAMS 0x00000003fec00000| PB 0x00000003fec00000| Complete 
|1018|0x00000003ff000000, 0x00000003ff400000, 0x00000003ff400000|100%| E|CS|TAMS 0x00000003ff000000| PB 0x00000003ff000000| Complete 
|1019|0x00000003ff400000, 0x00000003ff800000, 0x00000003ff800000|100%| E|CS|TAMS 0x00000003ff400000| PB 0x00000003ff400000| Complete 
|1020|0x00000003ff800000, 0x00000003ffc00000, 0x00000003ffc00000|100%| E|CS|TAMS 0x00000003ff800000| PB 0x00000003ff800000| Complete 
|1021|0x00000003ffc00000, 0x0000000400000000, 0x0000000400000000|100%| E|CS|TAMS 0x00000003ffc00000| PB 0x00000003ffc00000| Complete 
|1023|0x0000000400400000, 0x0000000400800000, 0x0000000400800000|100%| E|CS|TAMS 0x0000000400400000| PB 0x0000000400400000| Complete 
|1535|0x0000000480400000, 0x0000000480800000, 0x0000000480800000|100%| E|CS|TAMS 0x0000000480400000| PB 0x0000000480400000| Complete 

Card table byte_map: [0x0000000120404000,0x0000000121004000] _byte_map_base: 0x000000011ec00000

Marking Bits: (CMBitMap*) 0x0000000102bb5140
 Bits: [0x0000000121004000, 0x0000000127004000)

Polling page: 0x00000001022c8000

Metaspace:

Usage:
  Non-class:    184.80 MB used.
      Class:     33.61 MB used.
       Both:    218.42 MB used.

Virtual space:
  Non-class space:      192.00 MB reserved,     185.94 MB ( 97%) committed,  3 nodes.
      Class space:        1.00 GB reserved,      34.50 MB (  3%) committed,  1 nodes.
             Both:        1.19 GB reserved,     220.44 MB ( 18%) committed. 

Chunk freelists:
   Non-Class:  5.66 MB
       Class:  13.52 MB
        Both:  19.18 MB

MaxMetaspaceSize: unlimited
CompressedClassSpaceSize: 1.00 GB
Initial GC threshold: 21.00 MB
Current GC threshold: 361.81 MB
CDS: on
 - commit_granule_bytes: 65536.
 - commit_granule_words: 8192.
 - virtual_space_node_default_size: 8388608.
 - enlarge_chunks_in_place: 1.
 - use_allocation_guard: 0.


Internal statistics:

num_allocs_failed_limit: 75.
num_arena_births: 3186.
num_arena_deaths: 94.
num_vsnodes_births: 4.
num_vsnodes_deaths: 0.
num_space_committed: 3514.
num_space_uncommitted: 0.
num_chunks_returned_to_freelist: 257.
num_chunks_taken_from_freelist: 12589.
num_chunk_merges: 133.
num_chunk_splits: 8763.
num_chunks_enlarged: 6040.
num_inconsistent_stats: 0.

CodeHeap 'non-profiled nmethods': size=120032Kb used=25861Kb max_used=25861Kb free=94170Kb
 bounds [0x0000000118ecc000, 0x000000011a81c000, 0x0000000120404000]
CodeHeap 'profiled nmethods': size=120016Kb used=44921Kb max_used=48031Kb free=75095Kb
 bounds [0x0000000111404000, 0x00000001142f4000, 0x0000000118938000]
CodeHeap 'non-nmethods': size=5712Kb used=2356Kb max_used=2440Kb free=3355Kb
 bounds [0x0000000118938000, 0x0000000118ba8000, 0x0000000118ecc000]
CodeCache: size=245760Kb, used=73138Kb, max_used=76332Kb, free=172620Kb
 total_blobs=23283, nmethods=21675, adapters=1512, full_count=0
Compilation: enabled, stopped_count=0, restarted_count=0

Compilation events (20 events):
Event: 454.254 Thread 0x000000083a0ea000 52121       4       java.util.TreeMap::containsKey (14 bytes)
Event: 454.258 Thread 0x000000083a0ea000 nmethod 52121 0x000000011a809790 code [0x000000011a809940, 0x000000011a809b58]
Event: 454.562 Thread 0x000000083a0ea800 52122       3       net.minecraft.world.ticks.ScheduledTick::lambda$static$1 (32 bytes)
Event: 454.562 Thread 0x000000083a0ea800 nmethod 52122 0x000000011233bc10 code [0x000000011233be00, 0x000000011233c128]
Event: 455.763 Thread 0x000000083a0ea800 52123       3       net.minecraft.world.entity.ai.behavior.VillagerGoalPackages$$Lambda/0x00000070026ef970::test (12 bytes)
Event: 455.764 Thread 0x000000083a0ea800 nmethod 52123 0x0000000112fb1d10 code [0x0000000112fb1ec0, 0x0000000112fb2238]
Event: 455.764 Thread 0x000000083a0ea800 52124       3       net.minecraft.world.entity.ai.behavior.VillagerGoalPackages::validateBedPoi (38 bytes)
Event: 455.765 Thread 0x000000083a0ea800 nmethod 52124 0x0000000112fb0a10 code [0x0000000112fb0c80, 0x0000000112fb1740]
Event: 456.572 Thread 0x000000083a0ea000 52125       4       java.math.MutableBigInteger::mulsubLong (149 bytes)
Event: 456.574 Thread 0x000000083a0ea000 nmethod 52125 0x000000011a809e90 code [0x000000011a80a000, 0x000000011a80a158]
Event: 458.653 Thread 0x000000083a0ea000 52126       4       java.math.BigDecimal::subtract (121 bytes)
Event: 458.672 Thread 0x000000083a0ea000 nmethod 52126 0x000000011a80a390 code [0x000000011a80a640, 0x000000011a80b790]
Event: 460.063 Thread 0x000000083a0ea800 52127       3       java.lang.invoke.LambdaForm$MH/0x0000007002dabc00::invoke (25 bytes)
Event: 460.063 Thread 0x000000083a0ea800 nmethod 52127 0x0000000112fb0290 code [0x0000000112fb0440, 0x0000000112fb0818]
Event: 460.063 Thread 0x000000083a0ea800 52128       3       java.lang.invoke.LambdaForm$MH/0x0000007002daa400::invoke (17 bytes)
Event: 460.063 Thread 0x000000083a0ea800 nmethod 52128 0x0000000112fafa10 code [0x0000000112fafc00, 0x0000000112fb00b8]
Event: 460.063 Thread 0x000000083a0ea800 52129       3       java.lang.invoke.LambdaForm$MH/0x0000007002da8400::invoke (8 bytes)
Event: 460.064 Thread 0x000000083a0ea800 nmethod 52129 0x0000000112faf490 code [0x0000000112faf640, 0x0000000112faf908]
Event: 460.899 Thread 0x000000083a0ea800 52130       3       net.minecraft.world.entity.ai.village.poi.PoiManager::findAllWithType (32 bytes)
Event: 460.900 Thread 0x000000083a0ea800 nmethod 52130 0x0000000111bf3690 code [0x0000000111bf3940, 0x0000000111bf4358]

GC Heap History (20 events):
Event: 2.127 GC heap before
{Heap before GC invocations=9 (full 0):
 garbage-first heap   total 4194304K, used 264811K [0x0000000300800000, 0x0000000480800000)
  region size 4096K, 36 young (147456K), 7 survivors (28672K)
 Metaspace       used 61239K, committed 61888K, reserved 1114112K
  class space    used 8851K, committed 9152K, reserved 1048576K
}
Event: 2.132 GC heap after
{Heap after GC invocations=10 (full 0):
 garbage-first heap   total 4194304K, used 191000K [0x0000000300800000, 0x0000000480800000)
  region size 4096K, 7 young (28672K), 7 survivors (28672K)
 Metaspace       used 61239K, committed 61888K, reserved 1114112K
  class space    used 8851K, committed 9152K, reserved 1048576K
}
Event: 2.686 GC heap before
{Heap before GC invocations=11 (full 0):
 garbage-first heap   total 4194304K, used 367128K [0x0000000300800000, 0x0000000480800000)
  region size 4096K, 51 young (208896K), 7 survivors (28672K)
 Metaspace       used 89130K, committed 89856K, reserved 1179648K
  class space    used 12425K, committed 12736K, reserved 1048576K
}
Event: 2.693 GC heap after
{Heap after GC invocations=12 (full 0):
 garbage-first heap   total 4194304K, used 222488K [0x0000000300800000, 0x0000000480800000)
  region size 4096K, 7 young (28672K), 7 survivors (28672K)
 Metaspace       used 89130K, committed 89856K, reserved 1179648K
  class space    used 12425K, committed 12736K, reserved 1048576K
}
Event: 2.796 GC heap before
{Heap before GC invocations=12 (full 0):
 garbage-first heap   total 4194304K, used 419096K [0x0000000300800000, 0x0000000480800000)
  region size 4096K, 55 young (225280K), 7 survivors (28672K)
 Metaspace       used 91016K, committed 91776K, reserved 1179648K
  class space    used 12684K, committed 12992K, reserved 1048576K
}
Event: 2.802 GC heap after
{Heap after GC invocations=13 (full 0):
 garbage-first heap   total 4194304K, used 230059K [0x0000000300800000, 0x0000000480800000)
  region size 4096K, 2 young (8192K), 2 survivors (8192K)
 Metaspace       used 91016K, committed 91776K, reserved 1179648K
  class space    used 12684K, committed 12992K, reserved 1048576K
}
Event: 3.103 GC heap before
{Heap before GC invocations=13 (full 0):
 garbage-first heap   total 4194304K, used 561835K [0x0000000300800000, 0x0000000480800000)
  region size 4096K, 83 young (339968K), 2 survivors (8192K)
 Metaspace       used 97040K, committed 97920K, reserved 1179648K
  class space    used 13780K, committed 14144K, reserved 1048576K
}
Event: 3.107 GC heap after
{Heap after GC invocations=14 (full 0):
 garbage-first heap   total 4194304K, used 237326K [0x0000000300800000, 0x0000000480800000)
  region size 4096K, 4 young (16384K), 4 survivors (16384K)
 Metaspace       used 97040K, committed 97920K, reserved 1179648K
  class space    used 13780K, committed 14144K, reserved 1048576K
}
Event: 3.449 GC heap before
{Heap before GC invocations=14 (full 0):
 garbage-first heap   total 4194304K, used 622350K [0x0000000300800000, 0x0000000480800000)
  region size 4096K, 99 young (405504K), 4 survivors (16384K)
 Metaspace       used 105704K, committed 106560K, reserved 1179648K
  class space    used 14917K, committed 15296K, reserved 1048576K
}
Event: 3.456 GC heap after
{Heap after GC invocations=15 (full 0):
 garbage-first heap   total 4194304K, used 262711K [0x0000000300800000, 0x0000000480800000)
  region size 4096K, 10 young (40960K), 10 survivors (40960K)
 Metaspace       used 105704K, committed 106560K, reserved 1179648K
  class space    used 14917K, committed 15296K, reserved 1048576K
}
Event: 5.560 GC heap before
{Heap before GC invocations=16 (full 0):
 garbage-first heap   total 4194304K, used 2544183K [0x0000000300800000, 0x0000000480800000)
  region size 4096K, 568 young (2326528K), 10 survivors (40960K)
 Metaspace       used 147524K, committed 148992K, reserved 1179648K
  class space    used 20950K, committed 21632K, reserved 1048576K
}
Event: 5.572 GC heap after
{Heap after GC invocations=17 (full 0):
 garbage-first heap   total 4194304K, used 299691K [0x0000000300800000, 0x0000000480800000)
  region size 4096K, 19 young (77824K), 19 survivors (77824K)
 Metaspace       used 147524K, committed 148992K, reserved 1179648K
  class space    used 20950K, committed 21632K, reserved 1048576K
}
Event: 7.648 GC heap before
{Heap before GC invocations=17 (full 0):
 garbage-first heap   total 4194304K, used 2658987K [0x0000000300800000, 0x0000000480800000)
  region size 4096K, 597 young (2445312K), 19 survivors (77824K)
 Metaspace       used 178344K, committed 180160K, reserved 1245184K
  class space    used 27956K, committed 28736K, reserved 1048576K
}
Event: 7.671 GC heap after
{Heap after GC invocations=18 (full 0):
 garbage-first heap   total 4194304K, used 399769K [0x0000000300800000, 0x0000000480800000)
  region size 4096K, 45 young (184320K), 45 survivors (184320K)
 Metaspace       used 178344K, committed 180160K, reserved 1245184K
  class space    used 27956K, committed 28736K, reserved 1048576K
}
Event: 7.683 GC heap before
{Heap before GC invocations=18 (full 0):
 garbage-first heap   total 4194304K, used 416153K [0x0000000300800000, 0x0000000480800000)
  region size 4096K, 50 young (204800K), 45 survivors (184320K)
 Metaspace       used 178631K, committed 180480K, reserved 1245184K
  class space    used 27988K, committed 28800K, reserved 1048576K
}
Event: 7.698 GC heap after
{Heap after GC invocations=19 (full 0):
 garbage-first heap   total 4194304K, used 403159K [0x0000000300800000, 0x0000000480800000)
  region size 4096K, 36 young (147456K), 36 survivors (147456K)
 Metaspace       used 178631K, committed 180480K, reserved 1245184K
  class space    used 27988K, committed 28800K, reserved 1048576K
}
Event: 9.075 GC heap before
{Heap before GC invocations=20 (full 0):
 garbage-first heap   total 4194304K, used 1418967K [0x0000000300800000, 0x0000000480800000)
  region size 4096K, 279 young (1142784K), 36 survivors (147456K)
 Metaspace       used 195003K, committed 197056K, reserved 1245184K
  class space    used 30386K, committed 31296K, reserved 1048576K
}
Event: 9.099 GC heap after
{Heap after GC invocations=21 (full 0):
 garbage-first heap   total 4194304K, used 462663K [0x0000000300800000, 0x0000000480800000)
  region size 4096K, 16 young (65536K), 16 survivors (65536K)
 Metaspace       used 195003K, committed 197056K, reserved 1245184K
  class space    used 30386K, committed 31296K, reserved 1048576K
}
Event: 39.899 GC heap before
{Heap before GC invocations=21 (full 0):
 garbage-first heap   total 4194304K, used 2064199K [0x0000000300800000, 0x0000000480800000)
  region size 4096K, 405 young (1658880K), 16 survivors (65536K)
 Metaspace       used 220105K, committed 222272K, reserved 1245184K
  class space    used 33959K, committed 34880K, reserved 1048576K
}
Event: 39.911 GC heap after
{Heap after GC invocations=22 (full 0):
 garbage-first heap   total 4194304K, used 515429K [0x0000000300800000, 0x0000000480800000)
  region size 4096K, 25 young (102400K), 25 survivors (102400K)
 Metaspace       used 220105K, committed 222272K, reserved 1245184K
  class space    used 33959K, committed 34880K, reserved 1048576K
}

Dll operation events (18 events):
Event: 0.005 Loaded shared library /opt/homebrew/Cellar/openjdk@21/21.0.10/libexec/openjdk.jdk/Contents/Home/lib/libjava.dylib
Event: 0.026 Loaded shared library /opt/homebrew/Cellar/openjdk@21/21.0.10/libexec/openjdk.jdk/Contents/Home/lib/libnio.dylib
Event: 0.028 Loaded shared library /opt/homebrew/Cellar/openjdk@21/21.0.10/libexec/openjdk.jdk/Contents/Home/lib/libzip.dylib
Event: 0.035 Loaded shared library /opt/homebrew/Cellar/openjdk@21/21.0.10/libexec/openjdk.jdk/Contents/Home/lib/libjimage.dylib
Event: 0.049 Loaded shared library /opt/homebrew/Cellar/openjdk@21/21.0.10/libexec/openjdk.jdk/Contents/Home/lib/libnet.dylib
Event: 0.265 Loaded shared library /opt/homebrew/Cellar/openjdk@21/21.0.10/libexec/openjdk.jdk/Contents/Home/lib/libmanagement.dylib
Event: 0.266 Loaded shared library /opt/homebrew/Cellar/openjdk@21/21.0.10/libexec/openjdk.jdk/Contents/Home/lib/libmanagement_ext.dylib
Event: 0.543 Loaded shared library /private/var/folders/_k/zqfcm48s3h129q_3bc4zpmsc0000gn/T/jlinenative-3.27.1-4b8bfa12b722a613-libjlinenative.jnilib
Event: 0.633 Loaded shared library /opt/homebrew/Cellar/openjdk@21/21.0.10/libexec/openjdk.jdk/Contents/Home/lib/libverify.dylib
Event: 0.808 Loaded shared library /Users/noxgamingqc/Library/Caches/JNA/temp/jna10506514471473151970.tmp
Event: 2.564 Loaded shared library /opt/homebrew/Cellar/openjdk@21/21.0.10/libexec/openjdk.jdk/Contents/Home/lib/libjaas.dylib
Event: 2.566 Loaded shared library /opt/homebrew/Cellar/openjdk@21/21.0.10/libexec/openjdk.jdk/Contents/Home/lib/libawt.dylib
Event: 2.567 Loaded shared library /opt/homebrew/Cellar/openjdk@21/21.0.10/libexec/openjdk.jdk/Contents/Home/lib/libawt_lwawt.dylib
Event: 2.637 Loaded shared library /opt/homebrew/Cellar/openjdk@21/21.0.10/libexec/openjdk.jdk/Contents/Home/lib/libextnet.dylib
Event: 3.744 Loaded shared library /private/var/folders/_k/zqfcm48s3h129q_3bc4zpmsc0000gn/T/native-12336566913553518776.dylib
Event: 3.827 Loaded shared library /private/var/folders/_k/zqfcm48s3h129q_3bc4zpmsc0000gn/T/native-6085138105674577121.dylib
Event: 8.858 Loaded shared library /Users/noxgamingqc/Minecraft server/plugins/spark/tmp-client/spark-89e0165823-libasyncProfiler.so.tmp
Event: 10.798 Loaded shared library /private/var/folders/_k/zqfcm48s3h129q_3bc4zpmsc0000gn/T/sqlite-3.47.0.0-daa294d5-e801-4153-be28-5766e63e36f3-libsqlitejdbc.dylib

Deoptimization events (20 events):
Event: 345.641 Thread 0x000000083e411c00 DEOPT PACKING pc=0x000000011a747e68 sp=0x0000000178f4e3d0
Event: 345.641 Thread 0x000000083e411c00 DEOPT UNPACKING pc=0x000000011897b01c sp=0x0000000178f4e360 mode 2
Event: 363.171 Thread 0x0000000841e52300 Uncommon trap: trap_request=0xffffffde fr.pc=0x000000011a747e68 relative=0x00000000000007e8
Event: 363.171 Thread 0x0000000841e52300 Uncommon trap: reason=class_check action=maybe_recompile pc=0x000000011a747e68 method=java.io.DataOutputStream.write([BII)V @ 7 c2
Event: 363.171 Thread 0x0000000841e52300 DEOPT PACKING pc=0x000000011a747e68 sp=0x00000001783063d0
Event: 363.171 Thread 0x0000000841e52300 DEOPT UNPACKING pc=0x000000011897b01c sp=0x0000000178306360 mode 2
Event: 370.059 Thread 0x0000000845f7d500 Uncommon trap: trap_request=0xffffffde fr.pc=0x000000011a747e68 relative=0x00000000000007e8
Event: 370.059 Thread 0x0000000845f7d500 Uncommon trap: reason=class_check action=maybe_recompile pc=0x000000011a747e68 method=java.io.DataOutputStream.write([BII)V @ 7 c2
Event: 370.059 Thread 0x0000000845f7d500 DEOPT PACKING pc=0x000000011a747e68 sp=0x0000000174fda3d0
Event: 370.059 Thread 0x0000000845f7d500 DEOPT UNPACKING pc=0x000000011897b01c sp=0x0000000174fda360 mode 2
Event: 429.219 Thread 0x00000008458fc000 Uncommon trap: trap_request=0xffffff45 fr.pc=0x0000000119a6ba6c relative=0x0000000000000aac
Event: 429.219 Thread 0x00000008458fc000 Uncommon trap: reason=unstable_if action=reinterpret pc=0x0000000119a6ba6c method=me.lucko.spark.paper.common.sampler.async.jfr.JfrReader.readEvent(Ljava/lang/Class;)Lme/lucko/spark/paper/common/sampler/async/jfr/JfrReader$Event; @ 32 c2
Event: 429.219 Thread 0x00000008458fc000 DEOPT PACKING pc=0x0000000119a6ba6c sp=0x000000017459e450
Event: 429.219 Thread 0x00000008458fc000 DEOPT UNPACKING pc=0x000000011897b01c sp=0x000000017459e3e0 mode 2
Event: 429.219 Thread 0x00000008458fc000 Uncommon trap: trap_request=0xffffff45 fr.pc=0x00000001194308b8 relative=0x0000000000000378
Event: 429.219 Thread 0x00000008458fc000 Uncommon trap: reason=unstable_if action=reinterpret pc=0x00000001194308b8 method=me.lucko.spark.paper.common.sampler.async.jfr.Dictionary.put(JLjava/lang/Object;)V @ 55 c2
Event: 429.219 Thread 0x00000008458fc000 DEOPT PACKING pc=0x00000001194308b8 sp=0x000000017459e100
Event: 429.219 Thread 0x00000008458fc000 DEOPT UNPACKING pc=0x000000011897b01c sp=0x000000017459e0a0 mode 2
Event: 437.683 Thread 0x000000083f109c00 DEOPT PACKING pc=0x0000000111461c48 sp=0x0000000172f19a10
Event: 437.683 Thread 0x000000083f109c00 DEOPT UNPACKING pc=0x000000011897ae7c sp=0x0000000172f196c0 mode 0

Classes loaded (20 events):
Event: 246.562 Loading class sun/security/provider/SecureRandom$SeederHolder
Event: 246.562 Loading class sun/security/provider/SecureRandom$SeederHolder done
Event: 246.562 Loading class sun/security/provider/SeedGenerator
Event: 246.565 Loading class sun/security/provider/SeedGenerator done
Event: 246.565 Loading class sun/security/provider/NativeSeedGenerator
Event: 246.565 Loading class sun/security/provider/SeedGenerator$URLSeedGenerator
Event: 246.565 Loading class sun/security/provider/SeedGenerator$URLSeedGenerator done
Event: 246.565 Loading class sun/security/provider/NativeSeedGenerator done
Event: 246.565 Loading class sun/security/provider/SeedGenerator$URLSeedGenerator$1
Event: 246.565 Loading class sun/security/provider/SeedGenerator$URLSeedGenerator$1 done
Event: 246.566 Loading class sun/security/provider/SeedGenerator$1
Event: 246.566 Loading class sun/security/provider/SeedGenerator$1 done
Event: 246.582 Loading class java/nio/channels/NonWritableChannelException
Event: 246.582 Loading class java/nio/channels/NonWritableChannelException done
Event: 275.469 Loading class sun/net/ConnectionResetException
Event: 275.469 Loading class sun/net/ConnectionResetException done
Event: 310.591 Loading class java/io/UTFDataFormatException
Event: 310.591 Loading class java/io/UTFDataFormatException done
Event: 310.602 Loading class java/util/PriorityQueue$PriorityQueueSpliterator
Event: 310.602 Loading class java/util/PriorityQueue$PriorityQueueSpliterator done

Classes unloaded (20 events):
Event: 40.004 Thread 0x000000083a0cd800 Unloading class 0x0000007002b4b800 'io/papermc/paper/event/executor/MethodHandleEventExecutorTemplate+0x0000007002b4b800'
Event: 40.004 Thread 0x000000083a0cd800 Unloading class 0x0000007002b4b400 'io/papermc/paper/event/executor/MethodHandleEventExecutorTemplate+0x0000007002b4b400'
Event: 40.004 Thread 0x000000083a0cd800 Unloading class 0x0000007002b4b000 'io/papermc/paper/event/executor/MethodHandleEventExecutorTemplate+0x0000007002b4b000'
Event: 40.004 Thread 0x000000083a0cd800 Unloading class 0x0000007002b4ac00 'io/papermc/paper/event/executor/MethodHandleEventExecutorTemplate+0x0000007002b4ac00'
Event: 40.004 Thread 0x000000083a0cd800 Unloading class 0x0000007002b4a800 'io/papermc/paper/event/executor/MethodHandleEventExecutorTemplate+0x0000007002b4a800'
Event: 40.004 Thread 0x000000083a0cd800 Unloading class 0x0000007002b4a400 'io/papermc/paper/event/executor/MethodHandleEventExecutorTemplate+0x0000007002b4a400'
Event: 40.004 Thread 0x000000083a0cd800 Unloading class 0x0000007002b4a000 'io/papermc/paper/event/executor/MethodHandleEventExecutorTemplate+0x0000007002b4a000'
Event: 40.004 Thread 0x000000083a0cd800 Unloading class 0x0000007002b49c00 'io/papermc/paper/event/executor/MethodHandleEventExecutorTemplate+0x0000007002b49c00'
Event: 40.004 Thread 0x000000083a0cd800 Unloading class 0x0000007002b49800 'io/papermc/paper/event/executor/MethodHandleEventExecutorTemplate+0x0000007002b49800'
Event: 40.004 Thread 0x000000083a0cd800 Unloading class 0x0000007002b49400 'io/papermc/paper/event/executor/MethodHandleEventExecutorTemplate+0x0000007002b49400'
Event: 40.004 Thread 0x000000083a0cd800 Unloading class 0x0000007002b49000 'io/papermc/paper/event/executor/MethodHandleEventExecutorTemplate+0x0000007002b49000'
Event: 40.004 Thread 0x000000083a0cd800 Unloading class 0x0000007002b48c00 'io/papermc/paper/event/executor/MethodHandleEventExecutorTemplate+0x0000007002b48c00'
Event: 40.004 Thread 0x000000083a0cd800 Unloading class 0x0000007002b48800 'io/papermc/paper/event/executor/MethodHandleEventExecutorTemplate+0x0000007002b48800'
Event: 40.004 Thread 0x000000083a0cd800 Unloading class 0x0000007002b48400 'io/papermc/paper/event/executor/MethodHandleEventExecutorTemplate+0x0000007002b48400'
Event: 40.004 Thread 0x000000083a0cd800 Unloading class 0x0000007002b48000 'io/papermc/paper/event/executor/MethodHandleEventExecutorTemplate+0x0000007002b48000'
Event: 40.004 Thread 0x000000083a0cd800 Unloading class 0x0000007002b10000 'io/papermc/paper/event/executor/MethodHandleEventExecutorTemplate+0x0000007002b10000'
Event: 40.004 Thread 0x000000083a0cd800 Unloading class 0x0000007002a18800 'io/papermc/paper/event/executor/MethodHandleEventExecutorTemplate+0x0000007002a18800'
Event: 40.005 Thread 0x000000083a0cd800 Unloading class 0x0000007002575c00 'java/lang/invoke/LambdaForm$DMH+0x0000007002575c00'
Event: 40.005 Thread 0x000000083a0cd800 Unloading class 0x0000007002575800 'java/lang/invoke/LambdaForm$DMH+0x0000007002575800'
Event: 40.005 Thread 0x000000083a0cd800 Unloading class 0x0000007002574c00 'java/lang/invoke/LambdaForm$DMH+0x0000007002574c00'

Classes redefined (0 events):
No events

Internal exceptions (20 events):
Event: 310.733 Thread 0x000000083b295500 Exception <a 'sun/nio/fs/UnixException'{0x00000003da9aa200}> (0x00000003da9aa200) 
thrown [src/hotspot/share/prims/jni.cpp, line 520]
Event: 310.733 Thread 0x000000083b295500 Exception <a 'sun/nio/fs/UnixException'{0x00000003da9aa4d8}> (0x00000003da9aa4d8) 
thrown [src/hotspot/share/prims/jni.cpp, line 520]
Event: 310.734 Thread 0x000000083b295500 Exception <a 'sun/nio/fs/UnixException'{0x00000003da9aa878}> (0x00000003da9aa878) 
thrown [src/hotspot/share/prims/jni.cpp, line 520]
Event: 310.734 Thread 0x000000083b295500 Exception <a 'sun/nio/fs/UnixException'{0x00000003da9aacd0}> (0x00000003da9aacd0) 
thrown [src/hotspot/share/prims/jni.cpp, line 520]
Event: 318.503 Thread 0x000000083f108000 Exception <a 'sun/net/ConnectionResetException'{0x00000003dba48940}: Connection reset> (0x00000003dba48940) 
thrown [src/hotspot/share/prims/jni.cpp, line 539]
Event: 318.503 Thread 0x000000083f108000 Exception <a 'java/io/IOException'{0x00000003dba49840}> (0x00000003dba49840) 
thrown [src/hotspot/share/prims/jni.cpp, line 520]
Event: 332.761 Thread 0x00000008460bb800 Implicit null exception at 0x0000000113b3e9a8 to 0x0000000113b3ed38
Event: 332.761 Thread 0x00000008460bb800 Exception <a 'java/lang/NullPointerException'{0x00000003d03c46e0}> (0x00000003d03c46e0) 
thrown [src/hotspot/share/runtime/sharedRuntime.cpp, line 625]
Event: 368.103 Thread 0x0000000845c0e300 Exception <a 'sun/net/ConnectionResetException'{0x00000003cea46a00}: Connection reset> (0x00000003cea46a00) 
thrown [src/hotspot/share/prims/jni.cpp, line 539]
Event: 368.103 Thread 0x0000000845c0e300 Exception <a 'java/io/IOException'{0x00000003cea47900}> (0x00000003cea47900) 
thrown [src/hotspot/share/prims/jni.cpp, line 520]
Event: 377.323 Thread 0x000000083bb82a00 Implicit null exception at 0x0000000113b3e9a8 to 0x0000000113b3ed38
Event: 377.323 Thread 0x000000083bb82a00 Exception <a 'java/lang/NullPointerException'{0x00000003ca8229e8}> (0x00000003ca8229e8) 
thrown [src/hotspot/share/runtime/sharedRuntime.cpp, line 625]
Event: 388.690 Thread 0x000000083bb82a00 Exception <a 'sun/net/ConnectionResetException'{0x00000003ca849d88}: Connection reset> (0x00000003ca849d88) 
thrown [src/hotspot/share/prims/jni.cpp, line 539]
Event: 388.691 Thread 0x000000083bb82a00 Exception <a 'java/io/IOException'{0x00000003ca84ac88}> (0x00000003ca84ac88) 
thrown [src/hotspot/share/prims/jni.cpp, line 520]
Event: 409.411 Thread 0x000000083bb82300 Exception <a 'sun/net/ConnectionResetException'{0x00000003c8643fa0}: Connection reset> (0x00000003c8643fa0) 
thrown [src/hotspot/share/prims/jni.cpp, line 539]
Event: 409.412 Thread 0x000000083bb82300 Exception <a 'java/io/IOException'{0x00000003c8644ea0}> (0x00000003c8644ea0) 
thrown [src/hotspot/share/prims/jni.cpp, line 520]
Event: 440.190 Thread 0x000000083bb82a00 Exception <a 'sun/net/ConnectionResetException'{0x00000003c6047f10}: Connection reset> (0x00000003c6047f10) 
thrown [src/hotspot/share/prims/jni.cpp, line 539]
Event: 440.191 Thread 0x000000083bb82a00 Exception <a 'java/io/IOException'{0x00000003c6048e10}> (0x00000003c6048e10) 
thrown [src/hotspot/share/prims/jni.cpp, line 520]
Event: 465.354 Thread 0x000000083bb82300 Exception <a 'sun/net/ConnectionResetException'{0x00000003c2047840}: Connection reset> (0x00000003c2047840) 
thrown [src/hotspot/share/prims/jni.cpp, line 539]
Event: 465.355 Thread 0x000000083bb82300 Exception <a 'java/io/IOException'{0x00000003c2048740}> (0x00000003c2048740) 
thrown [src/hotspot/share/prims/jni.cpp, line 520]

ZGC Phase Switch (0 events):
No events

VM Operations (20 events):
Event: 370.549 Executing safepoint VM operation: Cleanup
Event: 370.549 Executing safepoint VM operation: Cleanup done
Event: 372.754 Executing safepoint VM operation: Cleanup
Event: 372.754 Executing safepoint VM operation: Cleanup done
Event: 378.414 Executing safepoint VM operation: Cleanup
Event: 378.414 Executing safepoint VM operation: Cleanup done
Event: 379.512 Executing safepoint VM operation: Cleanup
Event: 379.512 Executing safepoint VM operation: Cleanup done
Event: 396.102 Executing safepoint VM operation: Cleanup
Event: 396.102 Executing safepoint VM operation: Cleanup done
Event: 399.431 Executing safepoint VM operation: Cleanup
Event: 399.431 Executing safepoint VM operation: Cleanup done
Event: 420.939 Executing non-safepoint VM operation: HandshakeAllThreads (HandshakeForDeflation)
Event: 420.939 Executing non-safepoint VM operation: HandshakeAllThreads (HandshakeForDeflation) done
Event: 420.939 Executing non-safepoint VM operation: RendezvousGCThreads
Event: 420.939 Executing non-safepoint VM operation: RendezvousGCThreads done
Event: 438.957 Executing safepoint VM operation: Cleanup
Event: 438.957 Executing safepoint VM operation: Cleanup done
Event: 454.421 Executing safepoint VM operation: Cleanup
Event: 454.421 Executing safepoint VM operation: Cleanup done

Memory protections (20 events):
Event: 409.412 Protecting memory [0x00000001751f0000,0x00000001751fc000] with protection modes 3
Event: 417.488 Protecting memory [0x0000000174fe4000,0x0000000174ff0000] with protection modes 0
Event: 417.536 Protecting memory [0x00000001751f0000,0x00000001751fc000] with protection modes 0
Event: 418.023 Protecting memory [0x00000001753fc000,0x0000000175408000] with protection modes 0
Event: 418.023 Protecting memory [0x00000001753fc000,0x0000000175408000] with protection modes 3
Event: 418.023 Protecting memory [0x0000000175608000,0x0000000175614000] with protection modes 0
Event: 429.170 Protecting memory [0x000000016ffd0000,0x000000016ffdc000] with protection modes 3
Event: 429.182 Protecting memory [0x000000016ffd0000,0x000000016ffdc000] with protection modes 0
Event: 431.467 Protecting memory [0x0000000173754000,0x0000000173760000] with protection modes 3
Event: 440.191 Protecting memory [0x0000000175608000,0x0000000175614000] with protection modes 3
Event: 440.191 Protecting memory [0x0000000174fe4000,0x0000000174ff0000] with protection modes 3
Event: 440.191 Protecting memory [0x00000001751f0000,0x00000001751fc000] with protection modes 3
Event: 453.297 Protecting memory [0x0000000173754000,0x0000000173760000] with protection modes 0
Event: 453.528 Protecting memory [0x0000000174fe4000,0x0000000174ff0000] with protection modes 0
Event: 454.255 Protecting memory [0x00000001751f0000,0x00000001751fc000] with protection modes 0
Event: 454.255 Protecting memory [0x00000001751f0000,0x00000001751fc000] with protection modes 3
Event: 454.255 Protecting memory [0x00000001753fc000,0x0000000175408000] with protection modes 0
Event: 465.355 Protecting memory [0x00000001753fc000,0x0000000175408000] with protection modes 3
Event: 465.355 Protecting memory [0x0000000174fe4000,0x0000000174ff0000] with protection modes 3
Event: 465.355 Protecting memory [0x0000000173754000,0x0000000173760000] with protection modes 3

Nmethod flushes (20 events):
Event: 40.020 Thread 0x000000083a0cd800 flushing  nmethod 0x0000000112fb4810
Event: 40.020 Thread 0x000000083a0cd800 flushing  nmethod 0x0000000112fb4c10
Event: 40.020 Thread 0x000000083a0cd800 flushing  nmethod 0x0000000112fb5310
Event: 40.020 Thread 0x000000083a0cd800 flushing  nmethod 0x0000000112fb5b90
Event: 40.020 Thread 0x000000083a0cd800 flushing  nmethod 0x0000000112fb6790
Event: 40.020 Thread 0x000000083a0cd800 flushing  nmethod 0x0000000112fb6b90
Event: 40.020 Thread 0x000000083a0cd800 flushing  nmethod 0x00000001130ceb10
Event: 40.020 Thread 0x000000083a0cd800 flushing  nmethod 0x00000001130d4010
Event: 40.020 Thread 0x000000083a0cd800 flushing  nmethod 0x00000001132c9e90
Event: 40.020 Thread 0x000000083a0cd800 flushing  nmethod 0x00000001132ca290
Event: 40.020 Thread 0x000000083a0cd800 flushing  nmethod 0x00000001132cf790
Event: 40.020 Thread 0x000000083a0cd800 flushing  nmethod 0x00000001132d1b10
Event: 40.020 Thread 0x000000083a0cd800 flushing  nmethod 0x0000000113355310
Event: 40.020 Thread 0x000000083a0cd800 flushing  nmethod 0x0000000113357390
Event: 40.020 Thread 0x000000083a0cd800 flushing  nmethod 0x000000011335a910
Event: 40.020 Thread 0x000000083a0cd800 flushing  nmethod 0x0000000113554b10
Event: 40.020 Thread 0x000000083a0cd800 flushing  nmethod 0x0000000113555590
Event: 40.020 Thread 0x000000083a0cd800 flushing  nmethod 0x0000000113558890
Event: 40.020 Thread 0x000000083a0cd800 flushing  nmethod 0x00000001135fbd10
Event: 40.020 Thread 0x000000083a0cd800 flushing osr nmethod 0x00000001135ff110

Events (20 events):
Event: 409.412 Thread 0x000000083bb82a00 Thread exited: 0x000000083bb82a00
Event: 417.488 Thread 0x0000000845c1b100 Thread added: 0x000000083bb82a00
Event: 417.536 Thread 0x000000083bb82a00 Thread added: 0x000000083bb82300
Event: 418.023 Thread 0x000000083bb82a00 Thread added: 0x0000000845c0d500
Event: 418.023 Thread 0x000000083bb82a00 Thread added: 0x00000008460bb800
Event: 418.023 Thread 0x0000000845c0d500 Thread exited: 0x0000000845c0d500
Event: 429.170 Thread 0x000000083bb81500 Thread exited: 0x000000083bb81500
Event: 429.182 Thread 0x00000008458fc000 Thread added: 0x000000083bb80000
Event: 431.467 Thread 0x000000083f280e00 Thread exited: 0x000000083f280e00
Event: 440.191 Thread 0x00000008460bb800 Thread exited: 0x00000008460bb800
Event: 440.191 Thread 0x000000083bb82a00 Thread exited: 0x000000083bb82a00
Event: 440.191 Thread 0x000000083bb82300 Thread exited: 0x000000083bb82300
Event: 453.297 Thread 0x0000000845c1b100 Thread added: 0x000000083bb82300
Event: 453.528 Thread 0x000000083bb82300 Thread added: 0x000000083bb82a00
Event: 454.255 Thread 0x000000083bb82300 Thread added: 0x000000083bb81500
Event: 454.255 Thread 0x000000083bb82300 Thread added: 0x00000008460bb800
Event: 454.255 Thread 0x000000083bb81500 Thread exited: 0x000000083bb81500
Event: 465.355 Thread 0x00000008460bb800 Thread exited: 0x00000008460bb800
Event: 465.355 Thread 0x000000083bb82a00 Thread exited: 0x000000083bb82a00
Event: 465.355 Thread 0x000000083bb82300 Thread exited: 0x000000083bb82300


Dynamic libraries:
0x00000001022d8000 	/opt/homebrew/Cellar/openjdk@21/21.0.10/libexec/openjdk.jdk/Contents/Home/lib/libjli.dylib
0x00000001a693d000 	/usr/lib/libz.1.dylib
0x00000001a69f4000 	/usr/lib/libSystem.B.dylib
0x00000001a69ee000 	/usr/lib/system/libcache.dylib
0x00000001a69a9000 	/usr/lib/system/libcommonCrypto.dylib
0x00000001a69d4000 	/usr/lib/system/libcompiler_rt.dylib
0x00000001a69c9000 	/usr/lib/system/libcopyfile.dylib
0x0000000196c9c000 	/usr/lib/system/libcorecrypto.dylib
0x0000000196d95000 	/usr/lib/system/libdispatch.dylib
0x0000000196b50000 	/usr/lib/system/libdyld.dylib
0x00000001a69e4000 	/usr/lib/system/libkeymgr.dylib
0x00000001a698c000 	/usr/lib/system/libmacho.dylib
0x00000001a5c63000 	/usr/lib/system/libquarantine.dylib
0x00000001a69e1000 	/usr/lib/system/libremovefile.dylib
0x000000019d6f6000 	/usr/lib/system/libsystem_asl.dylib
0x0000000196c21000 	/usr/lib/system/libsystem_blocks.dylib
0x0000000196ddf000 	/usr/lib/system/libsystem_c.dylib
0x00000001a69d8000 	/usr/lib/system/libsystem_collections.dylib
0x00000001a46c5000 	/usr/lib/system/libsystem_configuration.dylib
0x00000001a326f000 	/usr/lib/system/libsystem_containermanager.dylib
0x00000001a63f3000 	/usr/lib/system/libsystem_coreservices.dylib
0x000000019af0c000 	/usr/lib/system/libsystem_darwin.dylib
0x000000029658a000 	/usr/lib/system/libsystem_darwindirectory.dylib
0x00000001a69e5000 	/usr/lib/system/libsystem_dnssd.dylib
0x000000029658e000 	/usr/lib/system/libsystem_eligibility.dylib
0x0000000196ddc000 	/usr/lib/system/libsystem_featureflags.dylib
0x0000000196f63000 	/usr/lib/system/libsystem_info.dylib
0x00000001a694d000 	/usr/lib/system/libsystem_m.dylib
0x0000000196d49000 	/usr/lib/system/libsystem_malloc.dylib
0x000000019d658000 	/usr/lib/system/libsystem_networkextension.dylib
0x000000019b37d000 	/usr/lib/system/libsystem_notify.dylib
0x00000001a46ca000 	/usr/lib/system/libsystem_sandbox.dylib
0x0000000296598000 	/usr/lib/system/libsystem_sanitizers.dylib
0x00000001a69dd000 	/usr/lib/system/libsystem_secinit.dylib
0x0000000196f10000 	/usr/lib/system/libsystem_kernel.dylib
0x0000000196f5a000 	/usr/lib/system/libsystem_platform.dylib
0x0000000196f4d000 	/usr/lib/system/libsystem_pthread.dylib
0x000000019f2b2000 	/usr/lib/system/libsystem_symptoms.dylib
0x0000000196c7b000 	/usr/lib/system/libsystem_trace.dylib
0x00000002965a0000 	/usr/lib/system/libsystem_trial.dylib
0x00000001a69b7000 	/usr/lib/system/libunwind.dylib
0x0000000196c25000 	/usr/lib/system/libxpc.dylib
0x0000000196afc000 	/usr/lib/libobjc.A.dylib
0x0000000196f93000 	/System/Library/Frameworks/CoreFoundation.framework/Versions/A/CoreFoundation
0x00000001aa354000 	/usr/lib/swift/libswiftCore.dylib
0x0000000196ef5000 	/usr/lib/libc++abi.dylib
0x0000000294e7d000 	/usr/lib/libRosetta.dylib
0x0000000196e62000 	/usr/lib/libc++.1.dylib
0x00000001987e5000 	/System/Library/Frameworks/Foundation.framework/Versions/C/Foundation
0x00000001b3aa9000 	/usr/lib/swift/libswiftObjectiveC.dylib
0x0000000295dcb000 	/usr/lib/libswiftPrespecialized.dylib
0x0000000198444000 	/System/Library/Frameworks/SystemConfiguration.framework/Versions/A/SystemConfiguration
0x00000001a1493000 	/System/Library/PrivateFrameworks/CoreAutoLayout.framework/Versions/A/CoreAutoLayout
0x00000001a69f6000 	/usr/lib/libfakelink.dylib
0x00000001a6c20000 	/usr/lib/libcompression.dylib
0x000000019d29c000 	/System/Library/Frameworks/CFNetwork.framework/Versions/A/CFNetwork
0x00000001a08b5000 	/System/Library/Frameworks/DiskArbitration.framework/Versions/A/DiskArbitration
0x00000001a6a4a000 	/usr/lib/libarchive.2.dylib
0x00000001a07c1000 	/usr/lib/libDiagnosticMessagesClient.dylib
0x000000019ac3a000 	/usr/lib/libicucore.A.dylib
0x00000001a14dd000 	/usr/lib/libxml2.2.dylib
0x00000001aeeb9000 	/System/Library/Frameworks/CoreServices.framework/Versions/A/CoreServices
0x00000001a46d8000 	/usr/lib/liblangid.dylib
0x000000019b292000 	/System/Library/Frameworks/IOKit.framework/Versions/A/IOKit
0x00000001acbc4000 	/System/Library/Frameworks/Combine.framework/Versions/A/Combine
0x000000025079a000 	/System/Library/PrivateFrameworks/CollectionsInternal.framework/Versions/A/CollectionsInternal
0x00000002778df000 	/System/Library/PrivateFrameworks/ReflectionInternal.framework/Versions/A/ReflectionInternal
0x000000027876b000 	/System/Library/PrivateFrameworks/RuntimeInternal.framework/Versions/A/RuntimeInternal
0x00000001a69f9000 	/System/Library/PrivateFrameworks/SoftLinking.framework/Versions/A/SoftLinking
0x00000001c391e000 	/usr/lib/swift/libswiftCoreFoundation.dylib
0x00000001c07c8000 	/usr/lib/swift/libswiftDarwin.dylib
0x00000001b0be3000 	/usr/lib/swift/libswiftDispatch.dylib
0x00000001c3978000 	/usr/lib/swift/libswiftIOKit.dylib
0x0000000296202000 	/usr/lib/swift/libswiftSystem.dylib
0x00000001c3930000 	/usr/lib/swift/libswiftXPC.dylib
0x0000000296234000 	/usr/lib/swift/libswift_Builtin_float.dylib
0x0000000296237000 	/usr/lib/swift/libswift_Concurrency.dylib
0x00000002962c1000 	/usr/lib/swift/libswift_DarwinFoundation1.dylib
0x00000002963a2000 	/usr/lib/swift/libswift_StringProcessing.dylib
0x00000001b3aad000 	/usr/lib/swift/libswiftos.dylib
0x000000019b211000 	/System/Library/PrivateFrameworks/CoreServicesInternal.framework/Versions/A/CoreServicesInternal
0x00000001a69c1000 	/usr/lib/liboah.dylib
0x000000019a815000 	/System/Library/Frameworks/Security.framework/Versions/A/Security
0x00000001b2ef6000 	/System/Library/PrivateFrameworks/DiskImages.framework/Versions/A/DiskImages
0x00000001c028a000 	/System/Library/Frameworks/NetFS.framework/Versions/A/NetFS
0x00000001a1457000 	/System/Library/Frameworks/CoreServices.framework/Versions/A/Frameworks/FSEvents.framework/Versions/A/FSEvents
0x000000019af17000 	/System/Library/Frameworks/CoreServices.framework/Versions/A/Frameworks/CarbonCore.framework/Versions/A/CarbonCore
0x00000001a0829000 	/System/Library/Frameworks/CoreServices.framework/Versions/A/Frameworks/Metadata.framework/Versions/A/Metadata
0x00000001a63fb000 	/System/Library/Frameworks/CoreServices.framework/Versions/A/Frameworks/OSServices.framework/Versions/A/OSServices
0x00000001a6b42000 	/System/Library/Frameworks/CoreServices.framework/Versions/A/Frameworks/SearchKit.framework/Versions/A/SearchKit
0x000000019f22b000 	/System/Library/Frameworks/CoreServices.framework/Versions/A/Frameworks/AE.framework/Versions/A/AE
0x00000001974dd000 	/System/Library/Frameworks/CoreServices.framework/Versions/A/Frameworks/LaunchServices.framework/Versions/A/LaunchServices
0x00000001a7f63000 	/System/Library/Frameworks/CoreServices.framework/Versions/A/Frameworks/DictionaryServices.framework/Versions/A/DictionaryServices
0x00000001a1465000 	/System/Library/Frameworks/CoreServices.framework/Versions/A/Frameworks/SharedFileList.framework/Versions/A/SharedFileList
0x00000001a6bd7000 	/usr/lib/libapple_nghttp2.dylib
0x000000019ee45000 	/usr/lib/libsqlite3.dylib
0x00000001b313e000 	/System/Library/PrivateFrameworks/AppSupport.framework/Versions/A/AppSupport
0x00000001a0791000 	/System/Library/PrivateFrameworks/CoreAnalytics.framework/Versions/A/CoreAnalytics
0x000000019dcda000 	/System/Library/Frameworks/CoreGraphics.framework/Versions/A/CoreGraphics
0x00000001ab086000 	/System/Library/Frameworks/GSS.framework/Versions/A/GSS
0x00000001a9455000 	/System/Library/PrivateFrameworks/InternationalSupport.framework/Versions/A/InternationalSupport
0x000000019f1bf000 	/System/Library/PrivateFrameworks/RunningBoardServices.framework/Versions/A/RunningBoardServices
0x00000001b3a37000 	/System/Library/PrivateFrameworks/StreamingZip.framework/Versions/A/StreamingZip
0x000000019d673000 	/usr/lib/libenergytrace.dylib
0x000000019f2bb000 	/System/Library/Frameworks/Network.framework/Versions/A/Network
0x00000001a5c8b000 	/usr/lib/libbsm.0.dylib
0x00000001a6990000 	/usr/lib/system/libkxld.dylib
0x000000024c039000 	/System/Library/PrivateFrameworks/AppleKeyStore.framework/Versions/A/AppleKeyStore
0x0000000294b60000 	/usr/lib/libCoreEntitlements.dylib
0x000000026d7e8000 	/System/Library/PrivateFrameworks/MessageSecurity.framework/Versions/A/MessageSecurity
0x000000019ee29000 	/System/Library/PrivateFrameworks/ProtocolBuffer.framework/Versions/A/ProtocolBuffer
0x00000001affe4000 	/System/Library/PrivateFrameworks/SymptomDiagnosticReporter.framework/Versions/A/SymptomDiagnosticReporter
0x00000001a81a7000 	/System/Library/PrivateFrameworks/CrashReporterSupport.framework/Versions/A/CrashReporterSupport
0x000000019d675000 	/usr/lib/libMobileGestalt.dylib
0x00000001a63da000 	/System/Library/PrivateFrameworks/AppleFSCompression.framework/Versions/A/AppleFSCompression
0x00000001a5c73000 	/usr/lib/libcoretls.dylib
0x00000001a7fda000 	/usr/lib/libcoretls_cfhelpers.dylib
0x00000001a6c19000 	/usr/lib/libpam.2.dylib
0x00000001a804c000 	/usr/lib/libxar.1.dylib
0x00000001a7fdc000 	/System/Library/PrivateFrameworks/APFS.framework/Versions/A/APFS
0x00000002831f1000 	/System/Library/PrivateFrameworks/SwiftASN1Internal.framework/Versions/A/SwiftASN1Internal
0x00000001a805b000 	/usr/lib/libutil.dylib
0x00000001a46d3000 	/System/Library/PrivateFrameworks/AppleSystemInfo.framework/Versions/A/AppleSystemInfo
0x00000001a595b000 	/System/Library/PrivateFrameworks/IOMobileFramebuffer.framework/Versions/A/IOMobileFramebuffer
0x00000001a32a8000 	/System/Library/Frameworks/IOSurface.framework/Versions/A/IOSurface
0x00000001c37e4000 	/System/Library/PrivateFrameworks/LoggingSupport.framework/Versions/A/LoggingSupport
0x00000001ab0e9000 	/System/Library/PrivateFrameworks/MobileAsset.framework/Versions/A/MobileAsset
0x00000001afff4000 	/System/Library/PrivateFrameworks/PowerLog.framework/Versions/A/PowerLog
0x0000000245564000 	/System/Library/Frameworks/SwiftData.framework/Versions/A/SwiftData
0x000000019ccd2000 	/System/Library/Frameworks/UniformTypeIdentifiers.framework/Versions/A/UniformTypeIdentifiers
0x00000001a168a000 	/System/Library/PrivateFrameworks/UserManagement.framework/Versions/A/UserManagement
0x000000019d1c7000 	/usr/lib/libboringssl.dylib
0x000000019f2a0000 	/usr/lib/libdns_services.dylib
0x00000001c281e000 	/usr/lib/libquic.dylib
0x00000001aa2e4000 	/usr/lib/libusrtcp.dylib
0x000000024ce2b000 	/System/Library/PrivateFrameworks/AtomicsInternal.framework/Versions/A/AtomicsInternal
0x00000001e9189000 	/System/Library/PrivateFrameworks/InternalSwiftProtobuf.framework/Versions/A/InternalSwiftProtobuf
0x0000000296092000 	/usr/lib/swift/libswiftDistributed.dylib
0x00000002960bb000 	/usr/lib/swift/libswiftObservation.dylib
0x00000002961fa000 	/usr/lib/swift/libswiftSynchronization.dylib
0x00000001a46d1000 	/System/Library/PrivateFrameworks/AggregateDictionary.framework/Versions/A/AggregateDictionary
0x000000024d5be000 	/System/Library/PrivateFrameworks/BiomeLibrary.framework/Versions/A/BiomeLibrary
0x00000001d259b000 	/System/Library/PrivateFrameworks/BiomeStreams.framework/Versions/A/BiomeStreams
0x00000001ce766000 	/System/Library/PrivateFrameworks/BiomeFoundation.framework/Versions/A/BiomeFoundation
0x00000001d8659000 	/System/Library/PrivateFrameworks/BiomePubSub.framework/Versions/A/BiomePubSub
0x000000019ea3e000 	/System/Library/Frameworks/CoreData.framework/Versions/A/CoreData
0x00000001b4a61000 	/System/Library/PrivateFrameworks/ProactiveSupport.framework/Versions/A/ProactiveSupport
0x00000001a7fbb000 	/usr/lib/liblzma.5.dylib
0x00000001af130000 	/System/Library/Frameworks/Accelerate.framework/Versions/A/Accelerate
0x00000001a5b6c000 	/System/Library/PrivateFrameworks/MobileKeyBag.framework/Versions/A/MobileKeyBag
0x00000001b3459000 	/System/Library/PrivateFrameworks/InternationalTextSearch.framework/Versions/A/InternationalTextSearch
0x00000001cac6a000 	/System/Library/PrivateFrameworks/SoftwareUpdateCoreSupport.framework/Versions/A/SoftwareUpdateCoreSupport
0x00000001d301f000 	/System/Library/PrivateFrameworks/SoftwareUpdateCoreConnect.framework/Versions/A/SoftwareUpdateCoreConnect
0x00000001b2ff4000 	/System/Library/PrivateFrameworks/RemoteServiceDiscovery.framework/Versions/A/RemoteServiceDiscovery
0x00000001ca861000 	/System/Library/PrivateFrameworks/MSUDataAccessor.framework/Versions/A/MSUDataAccessor
0x00000001c5940000 	/usr/lib/libbootpolicy.dylib
0x00000001b300b000 	/System/Library/PrivateFrameworks/RemoteXPC.framework/Versions/A/RemoteXPC
0x00000001d2467000 	/usr/lib/libFDR.dylib
0x00000001d827a000 	/usr/lib/libamsupport.dylib
0x0000000294e75000 	/usr/lib/libReverseProxyDevice.dylib
0x000000024b962000 	/System/Library/PrivateFrameworks/AppleDeviceQuerySupport.framework/Versions/A/AppleDeviceQuerySupport
0x00000001db30e000 	/usr/lib/libpartition2_dynamic.dylib
0x00000001a6bb3000 	/System/Library/PrivateFrameworks/AppleSauce.framework/Versions/A/AppleSauce
0x0000000294a01000 	/usr/lib/libAppleArchive.dylib
0x00000001a63e6000 	/usr/lib/libbz2.1.0.dylib
0x00000001a08bf000 	/System/Library/Frameworks/Accelerate.framework/Versions/A/Frameworks/vImage.framework/Versions/A/vImage
0x00000001aee93000 	/System/Library/Frameworks/Accelerate.framework/Versions/A/Frameworks/vecLib.framework/Versions/A/vecLib
0x00000001a8092000 	/System/Library/Frameworks/Accelerate.framework/Versions/A/Frameworks/vecLib.framework/Versions/A/libvMisc.dylib
0x00000001979dd000 	/System/Library/Frameworks/Accelerate.framework/Versions/A/Frameworks/vecLib.framework/Versions/A/libBLAS.dylib
0x00000001b3458000 	/System/Library/Frameworks/ApplicationServices.framework/Versions/A/ApplicationServices
0x00000001a15c4000 	/System/Library/Frameworks/CoreVideo.framework/Versions/A/CoreVideo
0x000000019e434000 	/System/Library/Frameworks/ColorSync.framework/Versions/A/ColorSync
0x0000000199e36000 	/System/Library/Frameworks/CoreText.framework/Versions/A/CoreText
0x00000001a3dc9000 	/System/Library/Frameworks/ImageIO.framework/Versions/A/ImageIO
0x00000001aac8d000 	/System/Library/Frameworks/ApplicationServices.framework/Versions/A/Frameworks/ATS.framework/Versions/A/ATS
0x000000019e5e0000 	/System/Library/Frameworks/ApplicationServices.framework/Versions/A/Frameworks/HIServices.framework/Versions/A/HIServices
0x00000001a933e000 	/System/Library/Frameworks/ApplicationServices.framework/Versions/A/Frameworks/PrintCore.framework/Versions/A/PrintCore
0x00000001ab04f000 	/System/Library/Frameworks/ApplicationServices.framework/Versions/A/Frameworks/QD.framework/Versions/A/QD
0x00000001ab04a000 	/System/Library/Frameworks/ApplicationServices.framework/Versions/A/Frameworks/ColorSyncLegacy.framework/Versions/A/ColorSyncLegacy
0x00000001aac5f000 	/System/Library/Frameworks/ApplicationServices.framework/Versions/A/Frameworks/SpeechSynthesis.framework/Versions/A/SpeechSynthesis
0x000000019d733000 	/System/Library/PrivateFrameworks/SkyLight.framework/Versions/A/SkyLight
0x00000001a379a000 	/System/Library/PrivateFrameworks/FontServices.framework/libFontParser.dylib
0x000000019f0ce000 	/System/Library/PrivateFrameworks/BaseBoard.framework/Versions/A/BaseBoard
0x00000001b0f47000 	/System/Library/PrivateFrameworks/BoardServices.framework/Versions/A/BoardServices
0x00000001b2d1a000 	/System/Library/PrivateFrameworks/BackBoardServices.framework/Versions/A/BackBoardServices
0x000000024d4d7000 	/System/Library/PrivateFrameworks/BackBoardHIDEventFoundation.framework/Versions/A/BackBoardHIDEventFoundation
0x0000000199947000 	/System/Library/Frameworks/CoreDisplay.framework/Versions/A/CoreDisplay
0x00000001a8c75000 	/System/Library/Frameworks/VideoToolbox.framework/Versions/A/VideoToolbox
0x00000001a6c17000 	/System/Library/Frameworks/MetalPerformanceShaders.framework/Versions/A/MetalPerformanceShaders
0x0000000276982000 	/System/Library/PrivateFrameworks/ProDisplayLibrary.framework/Versions/A/ProDisplayLibrary
0x00000001b6af8000 	/System/Library/PrivateFrameworks/IOSurfaceAccelerator.framework/Versions/A/IOSurfaceAccelerator
0x00000001a32d0000 	/System/Library/Frameworks/Metal.framework/Versions/A/Metal
0x00000001a32c5000 	/System/Library/PrivateFrameworks/IOAccelerator.framework/Versions/A/IOAccelerator
0x00000001a35dd000 	/System/Library/Frameworks/CoreMedia.framework/Versions/A/CoreMedia
0x000000019d70e000 	/System/Library/PrivateFrameworks/TCC.framework/Versions/A/TCC
0x00000001a8c2d000 	/System/Library/PrivateFrameworks/WatchdogClient.framework/Versions/A/WatchdogClient
0x00000001a0cf6000 	/System/Library/Frameworks/QuartzCore.framework/Versions/A/QuartzCore
0x00000001a8c2f000 	/System/Library/PrivateFrameworks/MultitouchSupport.framework/Versions/A/MultitouchSupport
0x00000001e08fd000 	/usr/lib/swift/libswiftOSLog.dylib
0x00000001c73d8000 	/usr/lib/swift/libswiftsimd.dylib
0x00000001d86b7000 	/System/Library/PrivateFrameworks/BiomeStorage.framework/Versions/A/BiomeStorage
0x0000000267e48000 	/System/Library/PrivateFrameworks/IntelligencePlatformLibrary.framework/Versions/A/IntelligencePlatformLibrary
0x0000000275c81000 	/System/Library/PrivateFrameworks/PoirotSchematizer.framework/Versions/A/PoirotSchematizer
0x000000024de06000 	/System/Library/PrivateFrameworks/BiomeSync.framework/Versions/A/BiomeSync
0x000000024d5a4000 	/System/Library/PrivateFrameworks/BiomeDSL.framework/Versions/A/BiomeDSL
0x00000001f1029000 	/System/Library/PrivateFrameworks/FeatureFlags.framework/Versions/A/FeatureFlags
0x0000000275ceb000 	/System/Library/PrivateFrameworks/PoirotUDFs.framework/Versions/A/PoirotUDFs
0x0000000275c50000 	/System/Library/PrivateFrameworks/PoirotSQLite.framework/Versions/A/PoirotSQLite
0x00000001b1464000 	/System/Library/PrivateFrameworks/CoreTime.framework/Versions/A/CoreTime
0x00000001a6a2f000 	/usr/lib/libiconv.2.dylib
0x00000001a698b000 	/usr/lib/libcharset.1.dylib
0x0000000296302000 	/usr/lib/swift/libswift_RegexParser.dylib
0x000000024f414000 	/System/Library/PrivateFrameworks/CascadeSets.framework/Versions/A/CascadeSets
0x00000001ab259000 	/System/Library/PrivateFrameworks/CorePhoneNumbers.framework/Versions/A/CorePhoneNumbers
0x00000001a8a15000 	/System/Library/PrivateFrameworks/AppleJPEG.framework/Versions/A/AppleJPEG
0x00000001a83ff000 	/usr/lib/libexpat.1.dylib
0x00000001a9211000 	/System/Library/Frameworks/ImageIO.framework/Versions/A/Resources/libPng.dylib
0x00000001a923d000 	/System/Library/Frameworks/ImageIO.framework/Versions/A/Resources/libTIFF.dylib
0x00000001a9327000 	/System/Library/Frameworks/ImageIO.framework/Versions/A/Resources/libGIF.dylib
0x00000001a8a5a000 	/System/Library/Frameworks/ImageIO.framework/Versions/A/Resources/libJP2.dylib
0x00000001a810d000 	/usr/lib/libate.dylib
0x00000001a92cd000 	/System/Library/Frameworks/ImageIO.framework/Versions/A/Resources/libJPEG.dylib
0x00000001a92c4000 	/System/Library/Frameworks/ImageIO.framework/Versions/A/Resources/libRadiance.dylib
0x000000025e627000 	/System/Library/PrivateFrameworks/GPUCompiler.framework/Versions/32023/Libraries/libllvm-flatbuffers.dylib
0x0000000258f33000 	/System/Library/PrivateFrameworks/FramePacing.framework/Versions/A/FramePacing
0x000000023b0ae000 	/System/Library/Frameworks/OpenGL.framework/Versions/A/Libraries/libCoreFSCache.dylib
0x000000025a074000 	/System/Library/PrivateFrameworks/GPUCompiler.framework/Versions/32023/Libraries/libGPUCompilerUtils.dylib
0x00000001b1014000 	/System/Library/PrivateFrameworks/GraphicsServices.framework/Versions/A/GraphicsServices
0x00000001d157b000 	/usr/lib/swift/libswiftMetal.dylib
0x00000001d6894000 	/usr/lib/swift/libswiftQuartzCore.dylib
0x00000001db0ff000 	/usr/lib/swift/libswiftUniformTypeIdentifiers.dylib
0x00000001a4118000 	/System/Library/Frameworks/CoreImage.framework/Versions/A/CoreImage
0x00000001b4bed000 	/System/Library/PrivateFrameworks/ASEProcessing.framework/Versions/A/ASEProcessing
0x00000001e4958000 	/System/Library/PrivateFrameworks/Symbolication.framework/Versions/A/Symbolication
0x000000027586d000 	/System/Library/PrivateFrameworks/PhotosensitivityProcessing.framework/Versions/A/PhotosensitivityProcessing
0x000000023b0bc000 	/System/Library/Frameworks/OpenGL.framework/Versions/A/OpenGL
0x00000001a8631000 	/System/Library/PrivateFrameworks/GraphVisualizer.framework/Versions/A/GraphVisualizer
0x000000023b10d000 	/System/Library/Frameworks/OpenGL.framework/Versions/A/Libraries/libGLU.dylib
0x000000023b0d0000 	/System/Library/Frameworks/OpenGL.framework/Versions/A/Libraries/libGFXShared.dylib
0x000000023b29c000 	/System/Library/Frameworks/OpenGL.framework/Versions/A/Libraries/libGL.dylib
0x000000023b0d9000 	/System/Library/Frameworks/OpenGL.framework/Versions/A/Libraries/libGLImage.dylib
0x000000023b0cd000 	/System/Library/Frameworks/OpenGL.framework/Versions/A/Libraries/libCVMSPluginSupport.dylib
0x000000023b0b6000 	/System/Library/Frameworks/OpenGL.framework/Versions/A/Libraries/libCoreVMClient.dylib
0x0000000258e3e000 	/System/Library/PrivateFrameworks/FontServices.framework/Versions/A/FontServices
0x00000001a8641000 	/System/Library/PrivateFrameworks/OTSVG.framework/Versions/A/OTSVG
0x00000001a110b000 	/System/Library/Frameworks/ApplicationServices.framework/Versions/A/Frameworks/ATS.framework/Versions/A/Resources/libFontRegistry.dylib
0x0000000295385000 	/usr/lib/libhvf.dylib
0x00000002726a5000 	/System/Library/PrivateFrameworks/ParsingInternal.framework/Versions/A/ParsingInternal
0x0000000258e42000 	/System/Library/PrivateFrameworks/FontServices.framework/libXTFontStaticRegistryData.dylib
0x00000001a4610000 	/System/Library/Frameworks/MetalPerformanceShaders.framework/Versions/A/Frameworks/MPSCore.framework/Versions/A/MPSCore
0x00000001a6345000 	/System/Library/Frameworks/MetalPerformanceShaders.framework/Versions/A/Frameworks/MPSImage.framework/Versions/A/MPSImage
0x00000001a5d16000 	/System/Library/Frameworks/MetalPerformanceShaders.framework/Versions/A/Frameworks/MPSNeuralNetwork.framework/Versions/A/MPSNeuralNetwork
0x00000001a614e000 	/System/Library/Frameworks/MetalPerformanceShaders.framework/Versions/A/Frameworks/MPSMatrix.framework/Versions/A/MPSMatrix
0x00000001a5f63000 	/System/Library/Frameworks/MetalPerformanceShaders.framework/Versions/A/Frameworks/MPSRayIntersector.framework/Versions/A/MPSRayIntersector
0x00000001a6180000 	/System/Library/Frameworks/MetalPerformanceShaders.framework/Versions/A/Frameworks/MPSNDArray.framework/Versions/A/MPSNDArray
0x000000023f245000 	/System/Library/Frameworks/MetalPerformanceShaders.framework/Versions/A/Frameworks/MPSFunctions.framework/Versions/A/MPSFunctions
0x000000023f226000 	/System/Library/Frameworks/MetalPerformanceShaders.framework/Versions/A/Frameworks/MPSBenchmarkLoop.framework/Versions/A/MPSBenchmarkLoop
0x000000023f25a000 	/System/Library/Frameworks/MetalPerformanceShaders.framework/Versions/A/Frameworks/MPSHost.framework/Versions/A/MPSHost
0x00000001977f9000 	/System/Library/PrivateFrameworks/MetalTools.framework/Versions/A/MetalTools
0x00000001c8a84000 	/System/Library/PrivateFrameworks/IOAccelMemoryInfo.framework/Versions/A/IOAccelMemoryInfo
0x00000001d6c8a000 	/System/Library/PrivateFrameworks/kperf.framework/Versions/A/kperf
0x00000001c38fa000 	/System/Library/PrivateFrameworks/GPURawCounter.framework/Versions/A/GPURawCounter
0x00000001b134d000 	/System/Library/PrivateFrameworks/CoreSymbolication.framework/Versions/A/CoreSymbolication
0x00000001c3871000 	/System/Library/PrivateFrameworks/MallocStackLogging.framework/Versions/A/MallocStackLogging
0x00000001b132a000 	/System/Library/PrivateFrameworks/DebugSymbols.framework/Versions/A/DebugSymbols
0x00000001d54f0000 	/System/Library/PrivateFrameworks/OSAnalytics.framework/Versions/A/OSAnalytics
0x0000000256d2b000 	/System/Library/PrivateFrameworks/DeviceRecovery.framework/Versions/A/DeviceRecovery
0x000000023d05c000 	/System/Library/Frameworks/ExtensionFoundation.framework/Versions/A/ExtensionFoundation
0x00000001a8682000 	/System/Library/PrivateFrameworks/AppServerSupport.framework/Versions/A/AppServerSupport
0x00000001a8484000 	/System/Library/PrivateFrameworks/IconServices.framework/Versions/A/IconServices
0x000000023e3c4000 	/System/Library/Frameworks/LightweightCodeRequirements.framework/Versions/A/LightweightCodeRequirements
0x00000001a82fe000 	/System/Library/PrivateFrameworks/PlugInKit.framework/Versions/A/PlugInKit
0x00000001a5b84000 	/System/Library/PrivateFrameworks/AssertionServices.framework/Versions/A/AssertionServices
0x00000001db10e000 	/usr/lib/swift/libswiftAccelerate.dylib
0x00000001a8424000 	/System/Library/PrivateFrameworks/IconFoundation.framework/Versions/A/IconFoundation
0x0000000264d4a000 	/System/Library/PrivateFrameworks/IconRendering.framework/Versions/A/IconRendering
0x00000001a115e000 	/System/Library/PrivateFrameworks/CoreUI.framework/Versions/A/CoreUI
0x000000027891c000 	/System/Library/PrivateFrameworks/SFSymbols.framework/Versions/A/SFSymbols
0x000000023cf17000 	/System/Library/Frameworks/DeveloperToolsSupport.framework/Versions/A/DeveloperToolsSupport
0x00000001bab34000 	/System/Library/PrivateFrameworks/RenderBox.framework/Versions/A/RenderBox
0x00000001a3d8b000 	/System/Library/PrivateFrameworks/CoreSVG.framework/Versions/A/CoreSVG
0x00000001a93b5000 	/System/Library/PrivateFrameworks/TextureIO.framework/Versions/A/TextureIO
0x00000001c3977000 	/usr/lib/swift/libswiftCoreImage.dylib
0x00000001a92f9000 	/System/Library/Frameworks/ApplicationServices.framework/Versions/A/Frameworks/ATSUI.framework/Versions/A/ATSUI
0x00000001aa9ec000 	/System/Library/Frameworks/AudioToolbox.framework/Versions/A/AudioToolbox
0x0000000199a6b000 	/System/Library/PrivateFrameworks/AudioToolboxCore.framework/Versions/A/AudioToolboxCore
0x00000001aabc7000 	/System/Library/PrivateFrameworks/AudioSession.framework/Versions/A/AudioSession
0x00000001b5e39000 	/System/Library/Frameworks/CoreMIDI.framework/Versions/A/CoreMIDI
0x00000001aac46000 	/usr/lib/libAudioStatistics.dylib
0x00000001a35b4000 	/System/Library/PrivateFrameworks/caulk.framework/Versions/A/caulk
0x000000019a063000 	/System/Library/Frameworks/CoreAudio.framework/Versions/A/CoreAudio
0x00000001a91eb000 	/usr/lib/libAudioToolboxUtility.dylib
0x00000001c38fe000 	/usr/lib/swift/libswiftCoreAudio.dylib
0x00000001ca0aa000 	/usr/lib/swift/libswiftCoreMIDI.dylib
0x00000001ab058000 	/System/Library/PrivateFrameworks/perfdata.framework/Versions/A/perfdata
0x00000001c291b000 	/System/Library/PrivateFrameworks/SystemPolicy.framework/Versions/A/SystemPolicy
0x00000001aaefd000 	/usr/lib/libSMC.dylib
0x00000001ab066000 	/usr/lib/libperfcheck.dylib
0x000000024ceeb000 	/System/Library/PrivateFrameworks/AudioAnalytics.framework/Versions/A/AudioAnalytics
0x00000002962c5000 	/usr/lib/swift/libswift_DarwinFoundation2.dylib
0x00000002962c6000 	/usr/lib/swift/libswift_DarwinFoundation3.dylib
0x00000001e8e86000 	/System/Library/Frameworks/OSLog.framework/Versions/A/OSLog
0x00000001c38a3000 	/usr/lib/libmis.dylib
0x00000001a8542000 	/System/Library/PrivateFrameworks/MediaExperience.framework/Versions/A/MediaExperience
0x00000001aa995000 	/System/Library/PrivateFrameworks/AudioSession.framework/libSessionUtility.dylib
0x00000001a932d000 	/System/Library/PrivateFrameworks/CMCaptureCore.framework/Versions/A/CMCaptureCore
0x00000001a868f000 	/usr/lib/libspindump.dylib
0x00000001afede000 	/System/Library/Frameworks/CoreBluetooth.framework/Versions/A/CoreBluetooth
0x00000001a59f0000 	/System/Library/PrivateFrameworks/CoreUtils.framework/Versions/A/CoreUtils
0x00000001bb85b000 	/System/Library/PrivateFrameworks/HID.framework/Versions/A/HID
0x0000000256128000 	/System/Library/PrivateFrameworks/CoreUtilsExtras.framework/Versions/A/CoreUtilsExtras
0x0000000264c9f000 	/System/Library/PrivateFrameworks/IO80211.framework/Versions/A/IO80211
0x00000001ac917000 	/System/Library/Frameworks/IOBluetooth.framework/Versions/A/IOBluetooth
0x00000001d1588000 	/usr/lib/swift/libswiftCompression.dylib
0x000000024cad9000 	/System/Library/PrivateFrameworks/ArgumentParserInternal.framework/Versions/A/ArgumentParserInternal
0x00000001a819e000 	/usr/lib/libIOReport.dylib
0x00000001a5b93000 	/System/Library/Frameworks/SecurityFoundation.framework/Versions/A/SecurityFoundation
0x00000001981bc000 	/System/Library/PrivateFrameworks/Lexicon.framework/Versions/A/Lexicon
0x00000001b0e68000 	/System/Library/PrivateFrameworks/FrontBoardServices.framework/Versions/A/FrontBoardServices
0x00000001a5cfe000 	/usr/lib/libgermantok.dylib
0x00000001a47fc000 	/System/Library/PrivateFrameworks/LinguisticData.framework/Versions/A/LinguisticData
0x00000001b00e6000 	/System/Library/PrivateFrameworks/MediaKit.framework/Versions/A/MediaKit
0x00000001b0031000 	/System/Library/Frameworks/DiscRecording.framework/Versions/A/DiscRecording
0x00000001a841a000 	/usr/lib/libheimdal-asn1.dylib
0x00000001b3a0d000 	/System/Library/Frameworks/AudioUnit.framework/Versions/A/AudioUnit
0x00000001a142a000 	/System/Library/Frameworks/OpenDirectory.framework/Versions/A/OpenDirectory
0x00000001a1438000 	/System/Library/Frameworks/OpenDirectory.framework/Versions/A/Frameworks/CFOpenDirectory.framework/Versions/A/CFOpenDirectory
0x000000023b620000 	/System/Library/Frameworks/AVFAudio.framework/Versions/A/AVFAudio
0x00000001bc82c000 	/usr/lib/libAccessibility.dylib
0x00000002689ef000 	/System/Library/PrivateFrameworks/IsolatedCoreAudioClient.framework/Versions/A/IsolatedCoreAudioClient
0x00000001df156000 	/usr/lib/swift/libswiftCoreMedia.dylib
0x00000002867cc000 	/System/Library/PrivateFrameworks/Tightbeam.framework/Versions/A/Tightbeam
0x0000000252028000 	/System/Library/PrivateFrameworks/CoreAudioOrchestration.framework/Versions/A/CoreAudioOrchestration
0x00000001db861000 	/System/Library/PrivateFrameworks/AFKUser.framework/Versions/A/AFKUser
0x00000001af180000 	/System/Library/Frameworks/MediaAccessibility.framework/Versions/A/MediaAccessibility
0x000000028a9e7000 	/System/Library/PrivateFrameworks/VideoToolboxParavirtualizationSupport.framework/Versions/A/VideoToolboxParavirtualizationSupport
0x00000001a83b6000 	/System/Library/PrivateFrameworks/AppleVA.framework/Versions/A/AppleVA
0x00000001a92bf000 	/System/Library/PrivateFrameworks/GPUWrangler.framework/Versions/A/GPUWrangler
0x00000001a929f000 	/System/Library/PrivateFrameworks/IOPresentment.framework/Versions/A/IOPresentment
0x00000001a92c7000 	/System/Library/PrivateFrameworks/DSExternalDisplay.framework/Versions/A/DSExternalDisplay
0x000000024c930000 	/System/Library/PrivateFrameworks/AppleMobileFileIntegrity.framework/Versions/A/AppleMobileFileIntegrity
0x0000000294f02000 	/usr/lib/libTLE.dylib
0x00000001fa18c000 	/System/Library/PrivateFrameworks/ConfigProfileHelper.framework/Versions/A/ConfigProfileHelper
0x00000001eef99000 	/usr/lib/libedit.3.dylib
0x0000000269f6f000 	/System/Library/PrivateFrameworks/MIL.framework/Versions/A/MIL
0x00000001c8a47000 	/usr/lib/libncurses.5.4.dylib
0x00000001a5925000 	/System/Library/PrivateFrameworks/CoreEmoji.framework/Versions/A/CoreEmoji
0x00000001984d8000 	/usr/lib/libCRFSuite.dylib
0x00000001a46da000 	/System/Library/PrivateFrameworks/CoreNLP.framework/Versions/A/CoreNLP
0x00000001a5c9d000 	/usr/lib/libmecab.dylib
0x00000001a6baa000 	/usr/lib/libThaiTokenizer.dylib
0x00000001a975d000 	/System/Library/PrivateFrameworks/DataDetectorsCore.framework/Versions/A/DataDetectorsCore
0x000000023cf02000 	/System/Library/Frameworks/DataDetection.framework/Versions/A/DataDetection
0x00000001c7648000 	/System/Library/PrivateFrameworks/TextInput.framework/Versions/A/TextInput
0x00000001e9351000 	/System/Library/PrivateFrameworks/HIDDisplay.framework/Versions/A/HIDDisplay
0x00000001aafde000 	/usr/lib/libcups.2.dylib
0x00000001ab074000 	/System/Library/Frameworks/Kerberos.framework/Versions/A/Kerberos
0x00000001aacd5000 	/usr/lib/libresolv.9.dylib
0x00000001a8696000 	/System/Library/PrivateFrameworks/Heimdal.framework/Versions/A/Heimdal
0x00000001b3a0c000 	/System/Library/Frameworks/Kerberos.framework/Versions/A/Libraries/libHeimdalProxy.dylib
0x00000001ab0d8000 	/System/Library/PrivateFrameworks/CommonAuth.framework/Versions/A/CommonAuth
0x00000001bc727000 	/System/Library/PrivateFrameworks/AXCoreUtilities.framework/Versions/A/AXCoreUtilities
0x00000001cc86d000 	/System/Library/PrivateFrameworks/AttributeGraph.framework/Versions/A/AttributeGraph
0x000000029491b000 	/usr/lib/libAXSafeCategoryBundle.dylib
0x00000001a57eb000 	/System/Library/Frameworks/Accelerate.framework/Versions/A/Frameworks/vecLib.framework/Versions/A/libvDSP.dylib
0x00000001a6cf7000 	/System/Library/Frameworks/Accelerate.framework/Versions/A/Frameworks/vecLib.framework/Versions/A/libLAPACK.dylib
0x00000001a5d01000 	/System/Library/Frameworks/Accelerate.framework/Versions/A/Frameworks/vecLib.framework/Versions/A/libLinearAlgebra.dylib
0x00000001a6bf0000 	/System/Library/Frameworks/Accelerate.framework/Versions/A/Frameworks/vecLib.framework/Versions/A/libSparseBLAS.dylib
0x00000001a6cf2000 	/System/Library/Frameworks/Accelerate.framework/Versions/A/Frameworks/vecLib.framework/Versions/A/libQuadrature.dylib
0x00000001a4803000 	/System/Library/Frameworks/Accelerate.framework/Versions/A/Frameworks/vecLib.framework/Versions/A/libBNNS.dylib
0x00000001982d1000 	/System/Library/Frameworks/Accelerate.framework/Versions/A/Frameworks/vecLib.framework/Versions/A/libSparse.dylib
0x000000023c9c6000 	/System/Library/Frameworks/CoreTransferable.framework/Versions/A/CoreTransferable
0x00000001ab03d000 	/System/Library/PrivateFrameworks/NetAuth.framework/Versions/A/NetAuth
0x00000001a1649000 	/System/Library/PrivateFrameworks/login.framework/Versions/A/Frameworks/loginsupport.framework/Versions/A/loginsupport
0x000000019cb17000 	/System/Library/PrivateFrameworks/UIFoundation.framework/Versions/A/UIFoundation
0x00000001a5c67000 	/usr/lib/libCheckFix.dylib
0x00000001a07c3000 	/System/Library/PrivateFrameworks/MetadataUtilities.framework/Versions/A/MetadataUtilities
0x0000000265767000 	/System/Library/PrivateFrameworks/InstalledContentLibrary.framework/Versions/A/InstalledContentLibrary
0x000000019b252000 	/System/Library/PrivateFrameworks/CoreServicesStore.framework/Versions/A/CoreServicesStore
0x00000001a148f000 	/usr/lib/libapp_launch_measurement.dylib
0x00000001d6d91000 	/System/Library/PrivateFrameworks/MobileSystemServices.framework/Versions/A/MobileSystemServices
0x00000001a805f000 	/usr/lib/libxslt.1.dylib
0x00000001a5c26000 	/System/Library/PrivateFrameworks/BackgroundTaskManagement.framework/Versions/A/BackgroundTaskManagement
0x00000001b30b6000 	/usr/lib/libcurl.4.dylib
0x000000029513b000 	/usr/lib/libcrypto.46.dylib
0x0000000295d58000 	/usr/lib/libssl.48.dylib
0x00000001b2d8c000 	/System/Library/Frameworks/LDAP.framework/Versions/A/LDAP
0x00000001b2dc8000 	/System/Library/PrivateFrameworks/TrustEvaluationAgent.framework/Versions/A/TrustEvaluationAgent
0x00000001aacf2000 	/usr/lib/libsasl2.2.dylib
0x00000001b6026000 	/System/Library/Frameworks/Cocoa.framework/Versions/A/Cocoa
0x000000019b3eb000 	/System/Library/Frameworks/AppKit.framework/Versions/C/AppKit
0x0000000250775000 	/System/Library/PrivateFrameworks/CollectionViewCore.framework/Versions/A/CollectionViewCore
0x00000001a3d85000 	/System/Library/PrivateFrameworks/XCTTargetBootstrap.framework/Versions/A/XCTTargetBootstrap
0x00000001a97af000 	/System/Library/PrivateFrameworks/UserActivity.framework/Versions/A/UserActivity
0x0000000258f40000 	/System/Library/PrivateFrameworks/FrontBoard.framework/Versions/A/FrontBoard
0x0000000288736000 	/System/Library/PrivateFrameworks/UIIntelligenceSupport.framework/Versions/A/UIIntelligenceSupport
0x00000002456d2000 	/System/Library/Frameworks/SwiftUICore.framework/Versions/A/SwiftUICore
0x000000028ece6000 	/System/Library/PrivateFrameworks/WritingTools.framework/Versions/A/WritingTools
0x000000028db37000 	/System/Library/PrivateFrameworks/WindowManagement.framework/Versions/A/WindowManagement
0x0000000258c79000 	/System/Library/PrivateFrameworks/FocusEngine.framework/Versions/A/FocusEngine
0x0000000256874000 	/System/Library/PrivateFrameworks/DesignLibrary.framework/Versions/A/DesignLibrary
0x00000001a3d70000 	/System/Library/PrivateFrameworks/DFRFoundation.framework/Versions/A/DFRFoundation
0x0000000289345000 	/System/Library/PrivateFrameworks/UpdateCycle.framework/Versions/A/UpdateCycle
0x00000001a3a6c000 	/System/Library/Frameworks/Carbon.framework/Versions/A/Frameworks/HIToolbox.framework/Versions/A/HIToolbox
0x00000001aeaaf000 	/System/Library/Frameworks/Carbon.framework/Versions/A/Frameworks/SpeechRecognition.framework/Versions/A/SpeechRecognition
0x00000001a1420000 	/System/Library/PrivateFrameworks/PerformanceAnalysis.framework/Versions/A/PerformanceAnalysis
0x00000001aee36000 	/System/Library/Frameworks/Accessibility.framework/Versions/A/Accessibility
0x0000000246648000 	/System/Library/Frameworks/Symbols.framework/Versions/A/Symbols
0x0000000261eb9000 	/System/Library/PrivateFrameworks/Gestures.framework/Versions/A/Gestures
0x00000001c07c7000 	/usr/lib/swift/libswiftCoreGraphics.dylib
0x00000001af87c000 	/usr/lib/swift/libswiftFoundation.dylib
0x00000001f9b48000 	/usr/lib/swift/libswiftSwiftOnoneSupport.dylib
0x0000000296437000 	/usr/lib/swift/libswiftsys_time.dylib
0x00000001e5115000 	/System/Library/PrivateFrameworks/CoreMaterial.framework/Versions/A/CoreMaterial
0x000000029617d000 	/usr/lib/swift/libswiftSpatial.dylib
0x0000000294eff000 	/usr/lib/libSpatial.dylib
0x0000000294839000 	/System/Library/SubFrameworks/UIUtilities.framework/Versions/A/UIUtilities
0x0000000107e7c000 	/opt/homebrew/Cellar/openjdk@21/21.0.10/libexec/openjdk.jdk/Contents/Home/lib/server/libjvm.dylib
0x000000010230c000 	/opt/homebrew/Cellar/openjdk@21/21.0.10/libexec/openjdk.jdk/Contents/Home/lib/libjimage.dylib
0x0000000102390000 	/opt/homebrew/Cellar/openjdk@21/21.0.10/libexec/openjdk.jdk/Contents/Home/lib/libjava.dylib
0x000000010261c000 	/opt/homebrew/Cellar/openjdk@21/21.0.10/libexec/openjdk.jdk/Contents/Home/lib/libnio.dylib
0x000000010297c000 	/opt/homebrew/Cellar/openjdk@21/21.0.10/libexec/openjdk.jdk/Contents/Home/lib/libnet.dylib
0x00000001025fc000 	/opt/homebrew/Cellar/openjdk@21/21.0.10/libexec/openjdk.jdk/Contents/Home/lib/libzip.dylib
0x0000000102998000 	/opt/homebrew/Cellar/openjdk@21/21.0.10/libexec/openjdk.jdk/Contents/Home/lib/libmanagement.dylib
0x0000000107b90000 	/opt/homebrew/Cellar/openjdk@21/21.0.10/libexec/openjdk.jdk/Contents/Home/lib/libmanagement_ext.dylib
0x000000010263c000 	/private/var/folders/_k/zqfcm48s3h129q_3bc4zpmsc0000gn/T/jlinenative-3.27.1-4b8bfa12b722a613-libjlinenative.jnilib
0x0000000107bbc000 	/opt/homebrew/Cellar/openjdk@21/21.0.10/libexec/openjdk.jdk/Contents/Home/lib/libverify.dylib
0x0000000107bfc000 	/Users/noxgamingqc/Library/Caches/JNA/temp/jna10506514471473151970.tmp
0x0000000107bd4000 	/opt/homebrew/Cellar/openjdk@21/21.0.10/libexec/openjdk.jdk/Contents/Home/lib/libjaas.dylib
0x0000000107d1c000 	/opt/homebrew/Cellar/openjdk@21/21.0.10/libexec/openjdk.jdk/Contents/Home/lib/libawt.dylib
0x0000000107dc0000 	/opt/homebrew/Cellar/openjdk@21/21.0.10/libexec/openjdk.jdk/Contents/Home/lib/libmlib_image.dylib
0x000000023e3bb000 	/System/Library/Frameworks/JavaRuntimeSupport.framework/Versions/A/JavaRuntimeSupport
0x00000001c22ec000 	/System/Library/Frameworks/Carbon.framework/Versions/A/Carbon
0x00000001b8623000 	/System/Library/Frameworks/Carbon.framework/Versions/A/Frameworks/CommonPanels.framework/Versions/A/CommonPanels
0x00000001b30a1000 	/System/Library/Frameworks/Carbon.framework/Versions/A/Frameworks/Help.framework/Versions/A/Help
0x00000001b8627000 	/System/Library/Frameworks/Carbon.framework/Versions/A/Frameworks/ImageCapture.framework/Versions/A/ImageCapture
0x00000001b8602000 	/System/Library/Frameworks/Carbon.framework/Versions/A/Frameworks/OpenScripting.framework/Versions/A/OpenScripting
0x00000001b8622000 	/System/Library/Frameworks/Carbon.framework/Versions/A/Frameworks/Ink.framework/Versions/A/Ink
0x00000001b861f000 	/System/Library/Frameworks/Carbon.framework/Versions/A/Frameworks/SecurityHI.framework/Versions/A/SecurityHI
0x0000000294d5d000 	/usr/lib/libInterpreterSecurity.dylib
0x00000001d89c7000 	/System/Library/PrivateFrameworks/XprotectFramework.framework/Versions/A/XprotectFramework
0x00000001bbb70000 	/System/Library/PrivateFrameworks/yara.framework/Versions/A/yara
0x0000000294cd9000 	/usr/lib/libEndpointSecuritySystem.dylib
0x0000000129130000 	/opt/homebrew/Cellar/openjdk@21/21.0.10/libexec/openjdk.jdk/Contents/Home/lib/libawt_lwawt.dylib
0x0000000107cd8000 	/opt/homebrew/Cellar/openjdk@21/21.0.10/libexec/openjdk.jdk/Contents/Home/lib/libosxapp.dylib
0x00000001c082e000 	/System/Library/Frameworks/ExceptionHandling.framework/Versions/A/ExceptionHandling
0x0000000107be8000 	/opt/homebrew/Cellar/openjdk@21/21.0.10/libexec/openjdk.jdk/Contents/Home/lib/libextnet.dylib
0x0000000107e1c000 	/private/var/folders/_k/zqfcm48s3h129q_3bc4zpmsc0000gn/T/native-12336566913553518776.dylib
0x0000000107bac000 	/private/var/folders/_k/zqfcm48s3h129q_3bc4zpmsc0000gn/T/native-6085138105674577121.dylib
0x00000001290a4000 	/Users/noxgamingqc/Minecraft server/plugins/spark/tmp-client/spark-89e0165823-libasyncProfiler.so.tmp
0x0000000129df4000 	/private/var/folders/_k/zqfcm48s3h129q_3bc4zpmsc0000gn/T/sqlite-3.47.0.0-daa294d5-e801-4153-be28-5766e63e36f3-libsqlitejdbc.dylib

JVMTI agents: none


VM Arguments:
jvm_args: -Xms4G -Xmx6G 
java_command: server.jar nogui
java_class_path (initial): server.jar
Launcher Type: SUN_STANDARD

[Global flags]
     intx CICompilerCount                          = 4                                         {product} {ergonomic}
     uint ConcGCThreads                            = 2                                         {product} {ergonomic}
     uint G1ConcRefinementThreads                  = 9                                         {product} {ergonomic}
   size_t G1HeapRegionSize                         = 4194304                                   {product} {ergonomic}
    uintx GCDrainStackTargetSize                   = 64                                        {product} {ergonomic}
   size_t InitialHeapSize                          = 4294967296                                {product} {command line}
   size_t MarkStackSize                            = 4194304                                   {product} {ergonomic}
   size_t MaxHeapSize                              = 6442450944                                {product} {command line}
   size_t MaxNewSize                               = 3862953984                                {product} {ergonomic}
   size_t MinHeapDeltaBytes                        = 4194304                                   {product} {ergonomic}
   size_t MinHeapSize                              = 4294967296                                {product} {command line}
    uintx NonNMethodCodeHeapSize                   = 5839564                                {pd product} {ergonomic}
    uintx NonProfiledCodeHeapSize                  = 122909338                              {pd product} {ergonomic}
    uintx ProfiledCodeHeapSize                     = 122909338                              {pd product} {ergonomic}
    uintx ReservedCodeCacheSize                    = 251658240                              {pd product} {ergonomic}
     bool SegmentedCodeCache                       = true                                      {product} {ergonomic}
   size_t SoftMaxHeapSize                          = 6442450944                             {manageable} {ergonomic}
     bool UseCompressedOops                        = true                           {product lp64_product} {ergonomic}
     bool UseG1GC                                  = true                                      {product} {ergonomic}
     bool UseNUMA                                  = false                                     {product} {ergonomic}
     bool UseNUMAInterleaving                      = false                                     {product} {ergonomic}

Logging:
Log output configuration:
 #0: stdout all=warning uptime,level,tags foldmultilines=false
 #1: stderr all=off uptime,level,tags foldmultilines=false

Release file:
IMPLEMENTOR="Homebrew"
IMPLEMENTOR_VERSION="Homebrew"
JAVA_RUNTIME_VERSION="21.0.10"
JAVA_VERSION="21.0.10"
JAVA_VERSION_DATE="2026-01-20"
LIBC="default"
MODULES="java.base java.compiler java.datatransfer java.xml java.prefs java.desktop java.instrument java.logging java.management java.security.sasl java.naming java.rmi java.management.rmi java.net.http java.scripting java.security.jgss java.transaction.xa java.sql java.sql.rowset java.xml.crypto java.se java.smartcardio jdk.accessibility jdk.internal.jvmstat jdk.attach jdk.charsets jdk.internal.opt jdk.zipfs jdk.compiler jdk.crypto.ec jdk.crypto.cryptoki jdk.dynalink jdk.internal.ed jdk.editpad jdk.hotspot.agent jdk.httpserver jdk.incubator.vector jdk.internal.le jdk.internal.vm.ci jdk.internal.vm.compiler jdk.internal.vm.compiler.management jdk.jartool jdk.javadoc jdk.jcmd jdk.management jdk.management.agent jdk.jconsole jdk.jdeps jdk.jdwp.agent jdk.jdi jdk.jfr jdk.jlink jdk.jpackage jdk.jshell jdk.jsobject jdk.jstatd jdk.localedata jdk.management.jfr jdk.naming.dns jdk.naming.rmi jdk.net jdk.nio.mapmode jdk.random jdk.sctp jdk.security.auth jdk.security.jgss jdk.unsupported jdk.unsupported.desktop jdk.xml.dom"
OS_ARCH="aarch64"
OS_NAME="Darwin"
SOURCE=""

Environment Variables:
PATH=/usr/bin:/bin:/usr/sbin:/sbin
SHELL=/bin/zsh
DISPLAY=/private/tmp/com.apple.launchd.FNsxDRDyux/org.xquartz:0
TMPDIR=/var/folders/_k/zqfcm48s3h129q_3bc4zpmsc0000gn/T/

Active Locale:
LC_ALL=C
LC_COLLATE=C
LC_CTYPE=C
LC_MESSAGES=C
LC_MONETARY=C
LC_NUMERIC=C
LC_TIME=C

Signal Handlers:
   SIGSEGV: crash_handler in libjvm.dylib, mask=11100110000111110111111111111111, flags=SA_ONSTACK|SA_RESTART|SA_SIGINFO, unblocked
    SIGBUS: crash_handler in libjvm.dylib, mask=11100110000111110111111111111111, flags=SA_RESTART|SA_SIGINFO, unblocked
    SIGFPE: crash_handler in libjvm.dylib, mask=11100110000111110111111111111111, flags=SA_RESTART|SA_SIGINFO, unblocked
   SIGPIPE: javaSignalHandler in libjvm.dylib, mask=11100110000111110111111111111111, flags=SA_RESTART|SA_SIGINFO, blocked
   SIGXFSZ: javaSignalHandler in libjvm.dylib, mask=11100110000111110111111111111111, flags=SA_RESTART|SA_SIGINFO, blocked
    SIGILL: crash_handler in libjvm.dylib, mask=11100110000111110111111111111111, flags=SA_RESTART|SA_SIGINFO, unblocked
   SIGUSR2: SR_handler in libjvm.dylib, mask=00000000000000000000000000000000, flags=SA_RESTART|SA_SIGINFO, blocked
    SIGHUP: UserHandler in libjvm.dylib, mask=11100110000111110111111111111111, flags=SA_RESTART|SA_SIGINFO, blocked
    SIGINT: UserHandler in libjvm.dylib, mask=11100110000111110111111111111111, flags=SA_RESTART|SA_SIGINFO, blocked
   SIGTERM: UserHandler in libjvm.dylib, mask=11100110000111110111111111111111, flags=SA_RESTART|SA_SIGINFO, blocked
   SIGQUIT: UserHandler in libjvm.dylib, mask=11100110000111110111111111111111, flags=SA_RESTART|SA_SIGINFO, blocked
   SIGTRAP: crash_handler in libjvm.dylib, mask=11100110000111110111111111111111, flags=SA_RESTART|SA_SIGINFO, unblocked


Periodic native trim disabled

---------------  S Y S T E M  ---------------

OS:
uname: Darwin 25.3.0 Darwin Kernel Version 25.3.0: Wed Jan 28 20:54:05 PST 2026; root:xnu-12377.81.4~5/RELEASE_ARM64_T8142 arm64
OS uptime: 0 days 3:51 hours
rlimit (soft/hard): STACK 8176k/65520k , CORE 0k/infinity , NPROC 4000/6000 , NOFILE 1048576/infinity , AS infinity/infinity , CPU infinity/infinity , DATA infinity/infinity , FSIZE infinity/infinity , MEMLOCK infinity/infinity , RSS infinity/infinity
load average: 3.37 5.36 8.38

CPU: total 10 (initial active 10) 0x61:0x0:0x1d5a87e8:0, fp, asimd, aes, pmull, sha1, sha256, crc32, lse, sha3, sha512
machdep.cpu.brand_string:Apple M5
hw.cachelinesize:128
hw.l1icachesize:131072
hw.l1dcachesize:65536
hw.l2cachesize:6291456

Memory: 16k page, physical 25165824k(384272k free), swap 0k(0k free)

vm_info: OpenJDK 64-Bit Server VM (21.0.10) for bsd-aarch64 JRE (21.0.10), built on 2026-01-15T15:34:19Z by "brew" with clang Apple LLVM 17.0.0 (clang-1700.6.3.2)

END.
